movie_id,company_id,company_type_id,note
2,1,1,(2006) (USA) (TV)
2,1,1,(2006) (worldwide) (TV)
11,2,1,(2012) (worldwide) (all media)
44,3,1,(2013) (USA) (all media)
50,4,1,(2011) (UK) (TV)
50,5,1,(2010-2011) (Canada) (TV)
50,6,1,(2010-2011) (USA) (TV)
50,7,1,(2011) (Australia) (TV)
50,8,1,(2011) (Netherlands) (TV)
50,9,1,(2011) (Brazil) (TV)
51,4,1,(2011) (UK) (TV)
51,5,1,(2010) (Canada) (TV)
51,6,1,(2010) (USA) (TV)
51,7,1,(2011) (Australia) (TV)
51,8,1,(2011) (Netherlands) (TV)
51,9,1,(2011) (Brazil) (TV)
52,4,1,(2011) (UK) (TV)
52,5,1,(2011) (Canada) (TV)
52,6,1,(2011) (USA) (TV)
52,8,1,(2011) (Netherlands) (TV)
53,4,1,(2011) (UK) (TV)
53,5,1,(2010) (Canada) (TV)
53,6,1,(2010) (USA) (TV)
53,8,1,(2011) (Netherlands) (TV)
54,4,1,(2011) (UK) (TV)
54,5,1,(2010) (Canada) (TV)
54,6,1,(2010) (USA) (TV)
54,7,1,(2011) (Australia) (TV)
54,8,1,(2011) (Netherlands) (TV)
54,9,1,(2011) (Brazil) (TV)
55,4,1,(2011) (UK) (TV)
55,5,1,(2011) (Canada) (TV)
55,6,1,(2011) (USA) (TV)
55,8,1,(2011) (Netherlands) (TV)
56,4,1,(2011) (UK) (TV)
56,5,1,(2010) (Canada) (TV)
56,6,1,(2010) (USA) (TV)
56,8,1,(2011) (Netherlands) (TV)
57,4,1,(2011) (UK) (TV)
57,5,1,(2011) (Canada) (TV)
57,6,1,(2011) (USA) (TV)
57,8,1,(2011) (Netherlands) (TV)
58,4,1,(2011) (UK) (TV)
58,5,1,(2011) (Canada) (TV)
58,6,1,(2011) (USA) (TV)
58,8,1,(2011) (Netherlands) (TV)
59,4,1,(2011) (UK) (TV)
59,5,1,(2010) (Canada) (TV)
59,6,1,(2010) (USA) (TV)
59,8,1,(2011) (Netherlands) (TV)
60,4,1,(2011) (UK) (TV)
60,5,1,(2010) (Canada) (TV)
60,6,1,(2010) (USA) (TV)
60,7,1,(2011) (Australia) (TV)
60,8,1,(2011) (Netherlands) (TV)
60,9,1,(2011) (Brazil) (TV)
61,4,1,(2011) (UK) (TV)
61,5,1,(2010) (Canada) (TV)
61,6,1,(2010) (USA) (TV)
61,7,1,(2011) (Australia) (TV)
61,8,1,(2011) (Netherlands) (TV)
61,9,1,(2011) (Brazil) (TV)
62,4,1,(2011) (UK) (TV)
62,5,1,(2011) (Canada) (TV)
62,6,1,(2011) (USA) (TV)
62,8,1,(2011) (Netherlands) (TV)
63,4,1,(2011) (UK) (TV)
63,5,1,(2010) (Canada) (TV)
63,6,1,(2010) (USA) (TV)
63,8,1,(2011) (Netherlands) (TV)
64,4,1,(2011) (UK) (TV)
64,5,1,(2010) (Canada) (TV)
64,6,1,(2010) (USA) (TV)
64,7,1,(2011) (Australia) (TV)
64,8,1,(2011) (Netherlands) (TV)
64,9,1,(2011) (Brazil) (TV)
65,4,1,(2011) (UK) (TV)
65,5,1,(2011) (Canada) (TV)
65,6,1,(2011) (USA) (TV)
65,8,1,(2011) (Netherlands) (TV)
66,4,1,(2011) (UK) (TV)
66,5,1,(2011) (Canada) (TV)
66,6,1,(2011) (USA) (TV)
66,8,1,(2011) (Netherlands) (TV)
67,4,1,(2011) (UK) (TV)
67,5,1,(2010) (Canada) (TV)
67,6,1,(2010) (USA) (TV)
67,7,1,(2011) (Australia) (TV)
67,8,1,(2011) (Netherlands) (TV)
67,9,1,(2011) (Brazil) (TV)
68,4,1,(2011) (UK) (TV)
68,5,1,(2010) (Canada) (TV)
68,6,1,(2010) (USA) (TV)
68,7,1,(2011) (Australia) (TV)
68,8,1,(2011) (Netherlands) (TV)
69,10,1,(1986-1989)
69,11,1,(1989-)
70,12,1,(2010) (USA) (TV)
82,13,1,(2001) (Canada) (TV)
82,14,1,(2001) (worldwide) (TV)
85,6,1,(1984) (USA) (TV)
86,15,1,(2002) (USA) (TV)
94,16,1,(2005) (USA) (TV)
106,17,1,(2012) (USA) (all media)
114,18,1,(2004) (Canada) (TV)
114,19,1,(2004) (USA) (TV)
118,17,1,
196,20,1,(2009) (USA) (TV)
211,20,1,(2009) (USA) (all media)
227,21,1,(1980) (Australia) (TV)
228,22,1,(2003) (USA) (TV)
272,19,1,(1979) (USA) (TV)
272,23,1,(USA) (TV)
273,19,1,(1979) (USA) (TV)
279,19,1,(1979) (USA) (TV)
282,24,1,(2011) (UK) (TV)
283,25,1,(2009) (USA) (TV)
284,26,1,(????) (worldwide) (video)
284,27,1,(1982-1992) (UK) (TV) (original airing)
284,28,1,(2008-) (Estonia) (TV) (re-release)
284,29,1,(2003) (Finland) (DVD)
284,30,1,(2010) (Germany) (DVD)
284,31,1,(199?-) (Netherlands) (TV) (reruns) (RTL5) (RTL7)
284,32,1,(19??-????) (Netherlands) (TV)
284,33,1,(2008) (Netherlands) (DVD) (season 5)
284,34,1,(2004) (USA) (DVD)
370,35,1,(2010) (UK) (all media)
371,36,1,(2007) (Canada) (TV)
398,37,1,(2000) (Yugoslavia) (TV)
404,38,1,(2007) (Belgium) (TV)
405,27,1,(2001) (UK) (TV)
414,39,1,(2009) (UK) (TV)
579,40,1,(2012) (worldwide) (DVD)
580,40,1,(2012) (worldwide) (DVD)
581,41,1,(2006) (USA) (TV)
581,42,1,(2012) (Hungary) (TV) (re-release)
581,43,1,(2012-2013) (Hungary) (TV) (re-release)
581,44,1,(2006) (worldwide) (all media)
581,45,1,(2008) (Hungary) (TV)
581,46,1,(2010) (Hungary) (TV) (re-release)
581,47,1,(2009) (Hungary) (TV) (re-release)
586,41,1,
596,48,1,(2007-) (UK) (TV)
596,49,1,(2006-) (USA) (TV)
596,31,1,(2008-) (Netherlands) (TV) (RTL8)
596,46,1,(2009-) (Hungary) (TV)
596,50,1,(2009) (Belgium) (DVD) (season 1)
596,51,1,(2009) (Netherlands) (DVD) (season 1)
596,52,1,(2009) (USA) (DVD) (season 2)
596,53,1,(2008-) (Estonia) (TV)
597,49,1,(2010) (USA) (TV)
597,46,1,(2011) (Hungary) (TV)
600,46,1,(2010) (Hungary) (TV)
601,49,1,(2010) (USA) (TV)
602,46,1,(2011) (Hungary) (TV)
603,46,1,(2011) (Hungary) (TV)
605,46,1,(2011) (Hungary) (TV)
606,54,1,(2008) (Germany) (TV)
606,49,1,(2007) (USA) (TV)
606,46,1,(2010) (Hungary) (TV)
607,49,1,(2010) (USA) (TV)
607,46,1,(2012) (Hungary) (TV)
608,54,1,(2009) (Germany) (TV)
608,49,1,(2007) (USA) (TV)
608,46,1,(2010) (Hungary) (TV)
609,49,1,(2010) (USA) (TV)
609,46,1,(2012) (Hungary) (TV)
610,54,1,(2008) (Germany) (TV)
610,49,1,(2006) (USA) (TV)
610,46,1,(2010) (Hungary) (TV)
611,54,1,(2008) (Germany) (TV)
611,49,1,(2006) (USA) (TV)
611,46,1,(2009) (Hungary) (TV)
612,46,1,(2011) (Hungary) (TV)
613,46,1,(2012) (Hungary) (TV)
614,54,1,(2008) (Germany) (TV)
614,49,1,(2006) (USA) (TV)
614,46,1,(2009) (Hungary) (TV)
615,46,1,(2011) (Hungary) (TV)
617,46,1,(2010) (Hungary) (TV)
618,49,1,(2010) (USA) (TV)
618,46,1,(2011) (Hungary) (TV)
619,54,1,(2008) (Germany) (TV)
619,49,1,(2007) (USA) (TV)
619,46,1,(2010) (Hungary) (TV)
620,54,1,(2009) (Germany) (TV)
620,49,1,(2007) (USA) (TV)
620,46,1,(2010) (Hungary) (TV)
622,54,1,(2008) (Germany) (TV)
622,49,1,(2007) (USA) (TV)
622,46,1,(2010) (Hungary) (TV)
624,46,1,(2011) (Hungary) (TV)
629,46,1,(2010) (Hungary) (TV)
630,46,1,(2011) (Hungary) (TV)
631,46,1,(2010) (Hungary) (TV)
632,46,1,(2011) (Hungary) (TV)
633,54,1,(2009) (Germany) (TV)
633,49,1,(2007) (USA) (TV)
633,46,1,(2010) (Hungary) (TV)
634,46,1,(2011) (Hungary) (TV)
635,54,1,(2008) (Germany) (TV)
635,49,1,(2006) (USA) (TV)
635,31,1,(2008) (Netherlands) (TV) (RTL8)
635,46,1,(2009) (Hungary) (TV)
636,46,1,(2011) (Hungary) (TV)
637,46,1,(2011) (Hungary) (TV)
638,46,1,(2011) (Hungary) (TV)
639,46,1,(2011) (Hungary) (TV)
642,54,1,(2008) (Germany) (TV)
642,49,1,(2006) (USA) (TV)
642,46,1,(2009) (Hungary) (TV)
644,49,1,(2008) (USA) (TV)
644,46,1,(2011) (Hungary) (TV)
645,49,1,(2010) (USA) (TV)
645,46,1,(2011) (Hungary) (TV)
646,49,1,(1998) (USA) (TV) (original airing)
646,46,1,(2011) (Hungary) (TV)
647,46,1,(2011) (Hungary) (TV)
648,46,1,(2011) (Hungary) (TV)
649,54,1,(2008) (Germany) (TV)
649,49,1,(2007) (USA) (TV)
649,46,1,(2010) (Hungary) (TV)
650,46,1,(2011) (Hungary) (TV)
651,54,1,(2008) (Germany) (TV)
651,49,1,(2007) (USA) (TV)
651,46,1,(2010) (Hungary) (TV)
651,55,1,(2008) (Belgium) (TV)
651,56,1,(2008) (France) (TV)
652,54,1,(2008) (Germany) (TV)
652,49,1,(2007) (USA) (TV)
652,46,1,(2010) (Hungary) (TV)
653,49,1,(2010) (USA) (TV)
654,54,1,(2008) (Germany) (TV)
654,49,1,(2007) (USA) (TV)
654,46,1,(2010) (Hungary) (TV)
654,55,1,(2008) (Belgium) (TV)
654,56,1,(2008) (France) (TV)
656,49,1,(2009) (USA) (TV)
656,46,1,(2011) (Hungary) (TV)
657,49,1,(2010) (USA) (TV)
658,54,1,(2008) (Germany) (TV)
658,49,1,(2007) (USA) (TV)
658,46,1,(2010) (Hungary) (TV)
659,54,1,(2008) (Germany) (TV)
659,49,1,(2007) (USA) (TV)
659,46,1,(2010) (Hungary) (TV)
660,49,1,(2010) (USA) (TV)
661,49,1,(2009) (USA) (TV)
661,46,1,(2011) (Hungary) (TV)
662,46,1,(2011) (Hungary) (TV)
663,54,1,(2008) (Germany) (TV)
663,49,1,(2006) (USA) (TV)
663,46,1,(2009) (Hungary) (TV)
664,54,1,(2008) (Germany) (TV)
664,49,1,(2007) (USA) (TV)
664,46,1,(2010) (Hungary) (TV)
665,54,1,(2008) (Germany) (TV)
665,49,1,(2007) (USA) (TV)
665,46,1,(2010) (Hungary) (TV)
666,49,1,(2010) (USA) (TV)
666,46,1,(2011) (Hungary) (TV)
667,49,1,(2009) (USA) (TV)
668,46,1,(2011) (Hungary) (TV)
669,54,1,(2008) (Germany) (TV)
669,49,1,(2006) (USA) (TV)
669,46,1,(2009) (Hungary) (TV)
670,49,1,(2007) (USA) (TV)
670,46,1,(2010) (Hungary) (TV)
670,52,1,(2009) (USA) (DVD)
671,54,1,(2008) (Germany) (TV)
671,49,1,(2006) (USA) (TV)
671,46,1,(2010) (Hungary) (TV)
673,54,1,(2008) (Germany) (TV)
673,49,1,(2006) (USA) (TV)
673,46,1,(2009) (Hungary) (TV)
674,46,1,(2010) (Hungary) (TV)
675,54,1,(2008) (Germany) (TV)
675,49,1,(2007) (USA) (TV)
675,46,1,(2010) (Hungary) (TV)
677,54,1,(2008) (Germany) (TV)
677,49,1,(2006) (USA) (TV)
677,46,1,(2009) (Hungary) (TV)
678,57,1,(2004) (USA) (TV)
681,6,1,(1961) (USA) (TV) (original airing)
682,6,1,(1961) (USA) (TV)
683,6,1,(1961) (USA) (TV)
684,6,1,(1961) (USA) (TV)
685,6,1,(1961) (USA) (TV)
686,6,1,(1961) (USA) (TV)
687,6,1,(1961) (USA) (TV) (original airing)
688,6,1,(1961) (USA) (TV)
689,6,1,(1961) (USA) (TV) (original airing)
690,6,1,(1961) (USA) (TV)
691,6,1,(1961) (USA) (TV)
692,6,1,(1961) (USA) (TV)
693,6,1,(1961) (USA) (TV)
694,6,1,(1961) (USA) (TV)
695,6,1,(1961) (USA) (TV)
399,58,1,(2009) (worldwide) (TV)
429,59,1,(2007) (Netherlands) (DVD) (season 1)
429,59,1,(2009) (Netherlands) (DVD) (season 2)
429,60,1,(2006-) (Netherlands) (TV)
429,61,1,(2011) (Netherlands) (DVD) (season 3)
442,60,1,(2011) (Netherlands) (TV)
443,60,1,(2011) (Netherlands) (TV)
452,60,1,(2011) (Netherlands) (TV)
453,60,1,(2011) (Netherlands) (TV)
454,60,1,(2011) (Netherlands) (TV)
456,60,1,(2011) (Netherlands) (TV)
457,60,1,(2011) (Netherlands) (TV)
460,60,1,(2011) (Netherlands) (TV)
469,62,1,(2004) (Netherlands) (DVD) (season 1)
469,62,1,(2006) (Netherlands) (DVD) (seasons 2-4)
469,31,1,(1995-2003) (Netherlands) (TV) (RTL4) (seasons 3-9)
469,31,1,(2004-2005) (Netherlands) (TV) (RTL8) (re-run)
469,31,1,(2009) (Netherlands) (TV) (RTL8) (re-run)
469,63,1,(1993-1995) (Netherlands) (TV) (seasons 1 and 2)
470,31,1,(2000) (Netherlands) (TV)
471,63,1,(1994) (Netherlands) (TV)
473,31,1,(1998) (Netherlands) (TV) (RTL4)
475,31,1,(1999) (Netherlands) (TV) (RTL4)
478,31,1,(1995) (Netherlands) (TV) (RTL4)
479,63,1,(1994) (Netherlands) (TV)
480,31,1,(1996) (Netherlands) (TV) (RTL4)
481,31,1,(1999) (Netherlands) (TV) (RTL4)
483,31,1,(1997) (Netherlands) (TV) (RTL4)
484,31,1,(1998) (Netherlands) (TV) (RTL4)
485,31,1,(1999) (Netherlands) (TV) (RTL4)
486,31,1,(2000) (Netherlands) (TV)
487,63,1,(1995) (Netherlands) (TV)
488,63,1,(1994) (Netherlands) (TV)
489,63,1,(1995) (Netherlands) (TV)
491,31,1,(1997) (Netherlands) (TV) (RTL4)
492,63,1,(1995) (Netherlands) (TV)
493,31,1,(1996) (Netherlands) (TV) (RTL4)
494,31,1,(1997) (Netherlands) (TV) (RTL4)
495,63,1,(1995) (Netherlands) (TV)
496,63,1,(1995) (Netherlands) (TV)
497,63,1,(1995) (Netherlands) (TV)
498,31,1,(1998) (Netherlands) (TV) (RTL4)
499,63,1,(1994) (Netherlands) (TV)
500,31,1,(1999) (Netherlands) (TV) (RTL4)
506,31,1,(1996) (Netherlands) (TV) (RTL4)
507,31,1,(1997) (Netherlands) (TV) (RTL4)
508,31,1,(1999) (Netherlands) (TV) (RTL4)
509,31,1,(1998) (Netherlands) (TV) (RTL4)
510,31,1,(1999) (Netherlands) (TV) (RTL4)
511,31,1,(1997) (Netherlands) (TV) (RTL4)
512,31,1,(1995) (Netherlands) (TV) (RTL4)
513,31,1,(1999) (Netherlands) (TV) (RTL4)
515,31,1,(1998) (Netherlands) (TV) (RTL4)
516,31,1,(1995) (Netherlands) (TV) (RTL4)
517,63,1,(1995) (Netherlands) (TV)
518,63,1,(1995) (Netherlands) (TV)
519,63,1,(1994) (Netherlands) (TV)
520,63,1,(1994) (Netherlands) (TV)
521,63,1,(1995) (Netherlands) (TV)
522,31,1,(1997) (Netherlands) (TV) (RTL4)
523,63,1,(1994) (Netherlands) (TV)
524,31,1,(1999) (Netherlands) (TV) (RTL4)
525,31,1,(1997) (Netherlands) (TV) (RTL4)
526,63,1,(1994) (Netherlands) (TV)
527,31,1,(1997) (Netherlands) (TV) (RTL4)
528,63,1,(1995) (Netherlands) (TV)
531,63,1,(1995) (Netherlands) (TV)
532,63,1,(1994) (Netherlands) (TV)
533,31,1,(1996) (Netherlands) (TV) (RTL4)
534,31,1,(1998) (Netherlands) (TV) (RTL4)
535,31,1,(1997) (Netherlands) (TV) (RTL4)
536,31,1,(1996) (Netherlands) (TV) (RTL4)
537,31,1,(1998) (Netherlands) (TV) (RTL4)
538,31,1,(1996) (Netherlands) (TV) (RTL4)
539,63,1,(1994) (Netherlands) (TV)
540,31,1,(1996) (Netherlands) (TV) (RTL4)
541,31,1,(2000) (Netherlands) (TV)
542,31,1,(1999) (Netherlands) (TV) (RTL4)
543,63,1,(1994) (Netherlands) (TV)
544,31,1,(1997) (Netherlands) (TV) (RTL4)
545,63,1,(1994) (Netherlands) (TV)
546,31,1,(1999) (Netherlands) (TV) (RTL4)
549,31,1,(1996) (Netherlands) (TV) (RTL4)
550,31,1,(1998) (Netherlands) (TV) (RTL4)
551,63,1,(1994) (Netherlands) (TV)
552,31,1,(1999) (Netherlands) (TV) (RTL4)
553,31,1,(2000) (Netherlands) (TV)
554,31,1,(1998) (Netherlands) (TV) (RTL4)
555,31,1,(1997) (Netherlands) (TV) (RTL4)
556,31,1,(2000) (Netherlands) (TV)
557,31,1,(2000) (Netherlands) (TV)
558,31,1,(1996) (Netherlands) (TV) (RTL4)
559,31,1,(1997) (Netherlands) (TV) (RTL4)
560,31,1,(1999) (Netherlands) (TV) (RTL4)
563,31,1,(1998) (Netherlands) (TV) (RTL4)
564,31,1,(1998) (Netherlands) (TV) (RTL4)
565,63,1,(1995) (Netherlands) (TV)
566,31,1,(1999) (Netherlands) (TV) (RTL4)
567,63,1,(1995) (Netherlands) (TV)
568,31,1,(2000) (Netherlands) (TV)
572,31,1,(1999) (Netherlands) (TV) (RTL4)
574,31,1,(1995) (Netherlands) (TV) (RTL4)
575,31,1,(1997) (Netherlands) (TV) (RTL4)
576,31,1,(1998) (Netherlands) (TV) (RTL4)
723,64,1,(2008) (Spain) (TV)
750,65,1,(2003) (Australia) (all media)
817,66,1,(2008) (worldwide) (all media)
819,67,1,(2010) (Germany) (TV)
820,68,1,(2006) (Germany) (TV)
826,64,1,(2004) (Spain) (TV)
901,69,1,(1971) (Spain) (TV)
853,70,1,(2007) (Germany) (TV)
860,71,1,(worldwide)
887,72,1,
903,73,1,(Denmark) (TV)
907,74,1,(2006) (Japan) (TV)
907,75,1,(2006) (USA) (DVD)
907,76,1,(2007) (USA) (DVD)
907,77,1,(2006) (Japan) (DVD)
907,78,1,(2006-2007) (USA) (TV)
907,79,1,(2006) (Japan) (TV)
907,80,1,(2006) (Japan) (TV)
907,81,1,(2006) (Japan) (TV)
907,82,1,(2006) (Japan) (TV)
908,74,1,(2006) (Japan) (TV)
908,78,1,(2006) (USA) (TV)
908,79,1,(2006) (Japan) (TV)
908,80,1,(2006) (Japan) (TV)
908,81,1,(2006) (Japan) (TV)
908,82,1,(2006) (Japan) (TV)
909,74,1,(2006) (Japan) (TV)
909,78,1,(2007) (USA) (TV)
910,74,1,(2006) (Japan) (TV)
910,78,1,(2006) (USA) (TV)
910,79,1,(2006) (Japan) (TV)
910,80,1,(2006) (Japan) (TV)
910,81,1,(2006) (Japan) (TV)
910,82,1,(2006) (Japan) (TV)
911,74,1,(2006) (Japan) (TV)
911,78,1,(2006) (USA) (TV)
911,79,1,(2006) (Japan) (TV)
911,80,1,(2006) (Japan) (TV)
911,81,1,(2006) (Japan) (TV)
911,82,1,(2006) (Japan) (TV)
912,74,1,(2006) (Japan) (TV)
912,78,1,(2007) (USA) (TV)
913,74,1,(2006) (Japan) (TV)
913,78,1,(2006) (USA) (TV)
913,79,1,(2006) (Japan) (TV)
913,80,1,(2006) (Japan) (TV)
913,81,1,(2006) (Japan) (TV)
913,82,1,(2006) (Japan) (TV)
914,74,1,(2006) (Japan) (TV)
914,78,1,(2007) (USA) (TV)
915,74,1,(2006) (Japan) (TV)
915,78,1,(2006) (USA) (TV)
915,79,1,(2006) (Japan) (TV)
915,80,1,(2006) (Japan) (TV)
915,81,1,(2006) (Japan) (TV)
915,82,1,(2006) (Japan) (TV)
916,74,1,(2006) (Japan) (TV)
916,78,1,(2006) (USA) (TV)
916,79,1,(2006) (Japan) (TV)
916,80,1,(2006) (Japan) (TV)
916,81,1,(2006) (Japan) (TV)
916,82,1,(2006) (Japan) (TV)
917,74,1,(2006) (Japan) (TV)
917,78,1,(2006) (USA) (TV)
917,79,1,(2006) (Japan) (TV)
917,80,1,(2006) (Japan) (TV)
917,81,1,(2006) (Japan) (TV)
917,82,1,(2006) (Japan) (TV)
918,74,1,(2006) (Japan) (TV)
918,78,1,(2006) (USA) (TV)
918,79,1,(2006) (Japan) (TV)
918,80,1,(2006) (Japan) (TV)
918,81,1,(2006) (Japan) (TV)
918,82,1,(2006) (Japan) (TV)
919,74,1,(2006) (Japan) (TV)
919,78,1,(2007) (USA) (TV)
920,74,1,(2006) (Japan) (TV)
920,78,1,(2007) (USA) (TV)
921,74,1,(2006) (Japan) (TV)
921,78,1,(2007) (USA) (TV)
922,74,1,(2006) (Japan) (TV)
922,78,1,(2007) (USA) (TV)
923,74,1,(2006) (Japan) (TV)
923,78,1,(2007) (USA) (TV)
924,74,1,(2006) (Japan) (TV)
924,78,1,(2007) (USA) (TV)
925,74,1,(2006) (Japan) (TV)
925,78,1,(2007) (USA) (TV)
926,74,1,(2006) (Japan) (TV)
926,78,1,(2006) (USA) (TV)
926,79,1,(2006) (Japan) (TV)
926,80,1,(2006) (Japan) (TV)
926,81,1,(2006) (Japan) (TV)
926,82,1,(2006) (Japan) (TV)
927,74,1,(2006) (Japan) (TV)
927,78,1,(2007) (USA) (TV)
928,74,1,(2006) (Japan) (TV)
928,78,1,(2006) (USA) (TV)
928,79,1,(2006) (Japan) (TV)
928,80,1,(2006) (Japan) (TV)
928,81,1,(2006) (Japan) (TV)
928,82,1,(2006) (Japan) (TV)
929,74,1,(2006) (Japan) (TV)
929,78,1,(2006) (USA) (TV)
929,79,1,(2006) (Japan) (TV)
929,80,1,(2006) (Japan) (TV)
929,81,1,(2006) (Japan) (TV)
929,82,1,(2006) (Japan) (TV)
930,74,1,(2006) (Japan) (TV)
930,78,1,(2006) (USA) (TV)
930,79,1,(2006) (Japan) (TV)
930,80,1,(2006) (Japan) (TV)
930,81,1,(2006) (Japan) (TV)
930,82,1,(2006) (Japan) (TV)
931,74,1,(2006) (Japan) (TV)
931,78,1,(2007) (USA) (TV)
932,74,1,(2006) (Japan) (TV)
932,78,1,(2007) (USA) (TV)
933,74,1,(2006) (Japan) (TV)
933,78,1,(2006) (USA) (TV)
933,79,1,(2006) (Japan) (TV)
933,80,1,(2006) (Japan) (TV)
933,81,1,(2006) (Japan) (TV)
933,82,1,(2006) (Japan) (TV)
934,83,1,(2004) (Spain) (DVD)
934,76,1,(2003) (USA)
934,77,1,(2002) (Japan)
934,78,1,(2003) (USA) (TV)
934,84,1,(2003) (Canada) (TV)
935,76,1,(2003) (USA) (all media)
935,77,1,(2002) (Japan) (all media)
935,78,1,(2003) (USA) (TV)
935,82,1,(2002) (Japan) (TV)
935,84,1,(2003) (Canada) (TV)
938,76,1,(2003) (USA) (all media)
938,77,1,(2002) (Japan) (all media)
938,78,1,(2003) (USA) (TV)
938,82,1,(2002) (Japan) (TV)
938,84,1,(2003) (Canada) (TV)
943,76,1,(2003) (USA) (all media)
943,77,1,(2002) (Japan) (all media)
943,78,1,(2003) (USA) (TV)
943,82,1,(2002) (Japan) (TV)
943,84,1,(2003) (Canada) (TV)
944,76,1,(2003) (USA) (all media)
944,77,1,(2002) (Japan) (all media)
944,78,1,(2003) (USA) (TV)
944,82,1,(2002) (Japan) (TV)
944,84,1,(2003) (Canada) (TV)
945,76,1,(2003) (USA) (all media)
945,77,1,(2002) (Japan) (all media)
945,78,1,(2003) (USA) (TV)
945,82,1,(2002) (Japan) (TV)
945,84,1,(2003) (Canada) (TV)
947,76,1,(2003) (USA) (all media)
947,77,1,(2002) (Japan) (all media)
947,78,1,(2003) (USA) (TV)
947,82,1,(2002) (Japan) (TV)
947,84,1,(2003) (Canada) (TV)
948,76,1,(2003) (USA) (all media)
948,77,1,(2002) (Japan) (all media)
948,78,1,(2003) (USA) (TV)
948,82,1,(2002) (Japan) (TV)
948,84,1,(2003) (Canada) (TV)
949,76,1,(2003) (USA) (all media)
949,77,1,(2002) (Japan) (all media)
951,76,1,(2003) (USA) (all media)
951,77,1,(2002) (Japan) (all media)
951,78,1,(2003) (USA) (TV)
951,82,1,(2002) (Japan) (TV)
951,84,1,(2003) (Canada) (TV)
953,76,1,(2003) (USA) (all media)
953,77,1,(2002) (Japan) (all media)
953,78,1,(2003) (USA) (TV)
953,82,1,(2002) (Japan) (TV)
953,84,1,(2003) (Canada) (TV)
954,76,1,(2003) (USA) (all media)
954,77,1,(2002) (Japan) (all media)
954,78,1,(2003) (USA) (TV)
954,82,1,(2002) (Japan) (TV)
954,84,1,(2003) (Canada) (TV)
956,83,1,(2004) (Spain) (DVD)
956,76,1,(2003) (USA) (all media)
956,77,1,(2002) (Japan) (all media)
956,78,1,(2003) (USA) (TV)
956,84,1,(2003) (Canada) (TV)
957,76,1,(2003) (USA) (all media)
957,77,1,(2002) (Japan) (all media)
957,78,1,(2003) (USA) (TV)
957,82,1,(2002) (Japan) (TV)
957,84,1,(2003) (Canada) (TV)
961,76,1,(2003) (USA) (all media)
961,77,1,(2002) (Japan) (all media)
962,76,1,(2003) (USA) (all media)
962,77,1,(2002) (Japan) (all media)
962,78,1,(2003) (USA) (TV)
962,82,1,(2002) (Japan) (TV)
962,84,1,(2003) (Canada) (TV)
963,85,1,(2004) (USA) (DVD)
963,82,1,(2003) (Japan) (TV)
976,86,1,(2010) (UK) (TV)
977,87,1,(2002) (UK) (DVD)
977,88,1,(2001) (UK) (TV)
978,69,1,(1979) (Spain) (TV)
979,89,1,(2007) (USA) (DVD)
979,90,1,((2006)) (Japan) (TV)
979,91,1,(2008) (USA) (DVD)
979,92,1,(2006) (Japan) (TV)
993,93,1,(1987) (UK) (TV)
996,94,1,
1114,95,1,(2009) (Japan) (TV)
1141,96,1,(2005) (worldwide) (all media)
1141,97,1,(2005) (Argentina) (TV)
1144,98,1,(2002) (Argentina) (TV)
1144,96,1,(worldwide) (all media)
1144,99,1,(2003) (Israel) (TV)
1146,100,1,(2012) (Greece) (TV)
1158,101,1,(2004) (USA) (TV)
1179,102,1,(2005) (Spain) (TV)
1181,103,1,(2012) (worldwide) (all media)
1182,104,1,(2005) (Germany) (TV)
1187,105,1,(2013) (USA) (TV)
1188,5,1,(2009) (Canada) (TV)
1188,106,1,(2010) (USA) (TV)
1335,16,1,(2006) (UK) (TV)
1370,27,1,(2010) (UK) (TV)
1147,107,1,(2007) (Japan) (TV)
1148,108,1,(2006) (Spain) (TV)
1149,109,1,(2007) (France) (TV)
1149,110,1,(2007) (France) (TV)
1157,111,1,(2007-2008) (Italy) (TV)
1352,112,1,(2006) (Netherlands) (TV)
1352,113,1,(2007) (Netherlands) (TV)
1369,92,1,(1980) (Japan) (TV)
1379,114,1,(2008) (Japan) (TV)
1389,64,1,(2008) (Spain) (TV)
1396,73,1,(1969) (Denmark) (TV)
1400,115,1,(2006) (Ireland) (TV)
1401,116,1,(2012) (Netherlands) (TV)
1401,63,1,(2012) (Netherlands) (TV)
1417,7,1,(2007-) (Australia) (TV)
1465,19,1,(2006) (worldwide) (TV)
1469,19,1,(2007) (USA) (TV)
1470,19,1,(2007) (USA) (TV)
1476,19,1,(2006) (USA) (TV)
1478,19,1,(2006) (USA) (TV)
1479,19,1,(2006) (USA) (TV)
1483,19,1,(2006) (USA) (TV)
1485,19,1,(2006) (USA) (TV)
1489,19,1,(2007) (USA) (TV)
1493,19,1,(2007) (USA) (TV)
1494,117,1,(2010) (USA) (TV)
1535,118,1,(2003) (South Korea) (TV)
1536,119,1,(1981-1982) (Portugal) (TV)
1547,19,1,(1961-1962) (USA) (TV)
1548,19,1,(1962) (USA) (TV)
1549,119,1,(1985) (Portugal) (TV)
1550,97,1,(Argentina)
1551,120,1,(2007) (worldwide) (TV)
1557,120,1,(2007) (worldwide) (TV)
1561,120,1,(2007) (worldwide) (TV)
1564,120,1,(2007) (worldwide) (TV)
1565,121,1,(2009) (Germany) (TV)
1570,121,1,(2008) (Germany) (TV)
1576,122,1,(2007-) (Hungary) (TV) (repeats)
1576,123,1,(2012) (UK) (TV)
1576,124,1,(2006-2009) (Japan) (TV)
1576,125,1,(USA)
1576,126,1,
1576,31,1,(2008) (Netherlands) (TV) (RTL8)
1576,46,1,(2005-2007) (Hungary) (TV) (original airing)
1576,53,1,(2008-) (Estonia) (TV)
1577,127,1,(2005) (Germany) (TV)
1577,125,1,(2003) (USA) (TV)
1577,46,1,(2005) (Hungary) (TV)
1578,127,1,(2006) (Germany) (TV)
1578,125,1,(2005) (USA) (TV)
1578,46,1,(2007) (Hungary) (TV)
1579,127,1,(2006) (Germany) (TV)
1579,125,1,(2005) (USA) (TV)
1579,46,1,(2007) (Hungary) (TV)
1580,127,1,(2006) (Germany) (TV)
1580,125,1,(2005) (USA) (TV)
1580,46,1,(2007) (Hungary) (TV)
1581,127,1,(2006) (Germany) (TV)
1581,125,1,(2005) (USA) (TV)
1581,46,1,(2007) (Hungary) (TV)
1582,127,1,(2006) (Germany) (TV)
1582,125,1,(2005) (USA) (TV)
1582,46,1,(2007) (Hungary) (TV)
1583,127,1,(2005) (Germany) (TV)
1583,125,1,(2003) (USA) (TV)
1583,46,1,(2005) (Hungary) (TV)
1584,127,1,(2005) (Germany) (TV)
1584,125,1,(2004) (USA) (TV)
1584,46,1,(2006) (Hungary) (TV)
1585,127,1,(2006) (Germany) (TV)
1585,125,1,(2005) (USA) (TV)
1585,46,1,(2007) (Hungary) (TV)
1586,127,1,(2005) (Germany) (TV)
1586,125,1,(2004) (USA) (TV)
1586,46,1,(2006) (Hungary) (TV)
1587,127,1,(2005) (Germany) (TV)
1587,125,1,(2003) (USA) (TV)
1587,46,1,(2005) (Hungary) (TV)
1588,127,1,(2005) (Germany) (TV)
1588,125,1,(2004) (USA) (TV)
1588,46,1,(2005) (Hungary) (TV)
1589,127,1,(2005) (Germany) (TV)
1589,125,1,(2004) (USA) (TV)
1589,46,1,(2006) (Hungary) (TV)
1590,127,1,(2006) (Germany) (TV)
1590,125,1,(2006) (USA) (TV)
1590,46,1,(2007) (Hungary) (TV)
1591,127,1,(2006) (Germany) (TV)
1591,125,1,(2006) (USA) (TV)
1591,46,1,(2007) (Hungary) (TV)
1592,127,1,(2005) (Germany) (TV)
1592,125,1,(2003) (USA) (TV)
1592,46,1,(2005) (Hungary) (TV)
1593,127,1,(2006) (Germany) (TV)
1593,125,1,(2005) (USA) (TV)
1593,46,1,(2007) (Hungary) (TV)
1593,115,1,(2006) (Ireland) (TV)
1594,127,1,(2006) (Germany) (TV)
1594,125,1,(2005) (USA) (TV)
1594,46,1,(2007) (Hungary) (TV)
1595,127,1,(2005) (Germany) (TV)
1595,125,1,(2003) (USA) (TV)
1595,31,1,(2008) (Netherlands) (TV) (RTL8)
1595,46,1,(2005) (Hungary) (TV)
1596,127,1,(2005) (Germany) (TV)
1596,125,1,(2004) (USA) (TV)
1596,46,1,(2006) (Hungary) (TV)
1597,127,1,(2005) (Germany) (TV)
1597,125,1,(2003) (USA) (TV)
1597,46,1,(2005) (Hungary) (TV)
1598,127,1,(2005) (Germany) (TV)
1598,125,1,(2005) (USA) (TV)
1598,46,1,(2006) (Hungary) (TV)
1599,127,1,(2005) (Germany) (TV)
1599,125,1,(2004) (USA) (TV)
1599,46,1,(2006) (Hungary) (TV)
1600,127,1,(2006) (Germany) (TV)
1600,125,1,(2005) (USA) (TV)
1600,46,1,(2007) (Hungary) (TV)
1601,127,1,(2005) (Germany) (TV)
1601,125,1,(2004) (USA) (TV)
1601,46,1,(2006) (Hungary) (TV)
1602,127,1,(2006) (Germany) (TV)
1602,125,1,(2005) (USA) (TV)
1602,46,1,(2007) (Hungary) (TV)
1603,127,1,(2005) (Germany) (TV)
1603,125,1,(2004) (USA) (TV)
1603,46,1,(2005) (Hungary) (TV)
1604,127,1,(2005) (Germany) (TV)
1604,125,1,(2003) (USA) (TV)
1604,46,1,(2005) (Hungary) (TV)
1605,127,1,(2005) (Germany) (TV)
1605,125,1,(2004) (USA) (TV)
1605,46,1,(2006) (Hungary) (TV)
1606,127,1,(2005) (Germany) (TV)
1606,125,1,(2003) (USA) (TV)
1606,46,1,(2005) (Hungary) (TV)
1607,127,1,(2006) (Germany) (TV)
1607,125,1,(2005) (USA) (TV)
1607,46,1,(2007) (Hungary) (TV)
1607,115,1,(2006) (Ireland) (TV)
1608,127,1,(2005) (Germany) (TV)
1608,125,1,(2004) (USA) (TV)
1608,46,1,(2006) (Hungary) (TV)
1609,127,1,(2006) (Germany) (TV)
1609,125,1,(2005) (USA) (TV)
1609,46,1,(2006) (Hungary) (TV)
1610,127,1,(2006) (Germany) (TV)
1610,125,1,(2005) (USA) (TV)
1610,46,1,(2007) (Hungary) (TV)
1610,115,1,(2006) (Ireland) (TV)
1611,127,1,(2005) (Germany) (TV)
1611,125,1,(2005) (USA) (TV)
1611,46,1,(2006) (Hungary) (TV)
1612,127,1,(2005) (Germany) (TV)
1612,125,1,(2003) (USA) (TV)
1612,46,1,(2005) (Hungary) (TV)
1613,127,1,(2005) (Germany) (TV)
1613,125,1,(2004) (USA) (TV)
1613,46,1,(2006) (Hungary) (TV)
1614,127,1,(2005) (Germany) (TV)
1614,125,1,(2004) (USA) (TV)
1614,46,1,(2006) (Hungary) (TV)
1615,127,1,(2005) (Germany) (TV)
1615,125,1,(2004) (USA) (TV)
1615,46,1,(2006) (Hungary) (TV)
1616,127,1,(2005) (Germany) (TV)
1616,125,1,(2004) (USA) (TV)
1616,46,1,(2006) (Hungary) (TV)
1617,127,1,(2006) (Germany) (TV)
1617,125,1,(2005) (USA) (TV)
1617,46,1,(2007) (Hungary) (TV)
1618,127,1,(2006) (Germany) (TV)
1618,125,1,(2006) (USA) (TV)
1618,46,1,(2007) (Hungary) (TV)
1618,115,1,(2006) (Ireland) (TV)
1619,127,1,(2006) (Germany) (TV)
1619,125,1,(2005) (USA) (TV)
1619,46,1,(2007) (Hungary) (TV)
1620,127,1,(2005) (Germany) (TV)
1620,125,1,(2004) (USA) (TV)
1620,46,1,(2005) (Hungary) (TV)
1621,127,1,(2005) (Germany) (TV)
1621,125,1,(2003) (USA) (TV)
1621,46,1,(2005) (Hungary) (TV)
1622,127,1,(2005) (Germany) (TV)
1622,125,1,(2003) (USA) (TV)
1622,46,1,(2005) (Hungary) (TV)
1623,127,1,(2005) (Germany) (TV)
1623,125,1,(2003) (USA) (TV)
1623,46,1,(2005) (Hungary) (TV)
1624,127,1,(2005) (Germany) (TV)
1624,125,1,(2003) (USA) (TV)
1624,46,1,(2005) (Hungary) (TV)
1625,127,1,(2005) (Germany) (TV)
1625,125,1,(2004) (USA) (TV)
1625,46,1,(2006) (Hungary) (TV)
1626,127,1,(2005) (Germany) (TV)
1626,125,1,(2004) (USA) (TV)
1626,46,1,(2006) (Hungary) (TV)
1627,127,1,(2006) (Germany) (TV)
1627,125,1,(2005) (USA) (TV)
1627,46,1,(2007) (Hungary) (TV)
1627,115,1,(2006) (Ireland) (TV)
1628,127,1,(2006) (Germany) (TV)
1628,125,1,(2005) (USA) (TV)
1628,46,1,(2007) (Hungary) (TV)
1629,127,1,(2005) (Germany) (TV)
1629,125,1,(2003) (USA) (TV)
1629,46,1,(2005) (Hungary) (TV)
1630,127,1,(2005) (Germany) (TV)
1630,125,1,(2005) (USA) (TV)
1630,46,1,(2006) (Hungary) (TV)
1631,127,1,(2005) (Germany) (TV)
1631,125,1,(2003) (USA) (TV)
1631,46,1,(2005) (Hungary) (TV)
1632,128,1,(2012) (Denmark) (TV)
1636,129,1,(2005) (Germany) (TV)
1636,69,1,(1994) (Spain) (TV)
1637,130,1,(2011) (USA) (TV)
1643,130,1,(2012) (USA) (TV)
1656,131,1,(2008) (worldwide) (all media)
1667,132,1,(2007) (USA) (TV)
1668,27,1,(2008) (UK) (all media)
1668,133,1,(2009) (Japan) (TV)
1677,134,1,(2003) (worldwide) (TV)
1757,135,1,(2008) (USA) (TV)
1760,36,1,(2006) (Canada) (TV)
1760,46,1,(2009-) (Hungary) (TV)
1760,52,1,(2008) (USA) (DVD) (seasons 1 and 2)
1760,136,1,(2006) (USA) (TV)
1761,46,1,(2010) (Hungary) (TV)
1762,46,1,(2009) (Hungary) (TV)
1763,46,1,(2012) (Hungary) (TV)
1764,46,1,(2010) (Hungary) (TV)
1765,46,1,(2012) (Hungary) (TV)
1766,46,1,(2010) (Hungary) (TV)
1767,46,1,(2010) (Hungary) (TV)
1768,46,1,(2009) (Hungary) (TV)
1769,46,1,(2010) (Hungary) (TV)
1770,46,1,(2012) (Hungary) (TV)
1771,46,1,(2012) (Hungary) (TV)
1772,46,1,(2012) (Hungary) (TV)
1773,46,1,(2010) (Hungary) (TV)
1774,46,1,(2012) (Hungary) (TV)
1775,46,1,(2009) (Hungary) (TV)
1776,46,1,(2009) (Hungary) (TV)
1777,46,1,(2010) (Hungary) (TV)
1778,46,1,(2012) (Hungary) (TV)
1779,46,1,(2010) (Hungary) (TV)
1780,46,1,(2012) (Hungary) (TV)
1781,46,1,(2009) (Hungary) (TV)
1783,137,1,(2009) (Germany) (TV)
1784,130,1,(2010) (USA) (TV)
1851,57,1,(2013) (USA) (TV) (cable)
1852,138,1,(2009) (UK) (TV)
1853,138,1,(2009) (UK) (TV)
1857,138,1,(2009) (UK) (all media)
1858,138,1,(2009) (UK) (TV)
1865,139,1,(2011) (UK) (TV)
2006,140,1,
2016,141,1,(1993) (USA) (TV)
2017,142,1,(2010) (USA) (TV)
2018,57,1,(2004) (USA) (TV)
2019,57,1,(2004) (USA) (TV)
2020,57,1,(2004) (USA) (TV)
2021,57,1,(2004) (USA) (TV)
2025,143,1,(2009) (USA) (TV)
2025,122,1,(2011) (Hungary) (TV) (episodes 11 - 20)
2025,144,1,(2010) (Hungary) (TV) (episodes 1 - 10)
2025,145,1,"(2011) (USA) (DVD) (Season One, Volume 2)"
2025,146,1,(2011-2012) (Germany) (TV)
2026,122,1,(2011) (Hungary) (TV)
2026,145,1,(2011) (USA) (DVD)
2027,122,1,(2011) (Hungary) (TV)
2027,145,1,(2011) (USA) (DVD)
2028,122,1,(2011) (Hungary) (TV)
2028,145,1,(2011) (USA) (DVD)
2029,144,1,(2010) (Hungary) (TV)
2031,144,1,(2010) (Hungary) (TV)
2030,144,1,(2010) (Hungary) (TV)
2032,144,1,(2010) (Hungary) (TV)
2033,122,1,(2011) (Hungary) (TV)
2033,145,1,(2011) (USA) (DVD)
2034,144,1,(2010) (Hungary) (TV)
2035,122,1,(2011) (Hungary) (TV)
2035,145,1,(2011) (USA) (DVD)
2036,144,1,(2010) (Hungary) (TV)
2037,122,1,(2011) (Hungary) (TV)
2037,145,1,(2011) (USA) (DVD)
2038,144,1,(2010) (Hungary) (TV)
2039,122,1,(2011) (Hungary) (TV)
2039,145,1,(2011) (USA) (DVD)
2040,144,1,(2010) (Hungary) (TV)
2041,122,1,(2011) (Hungary) (TV)
2041,145,1,(2011) (USA) (DVD)
2042,122,1,(2011) (Hungary) (TV)
2042,145,1,(2011) (USA) (DVD)
2043,122,1,(2011) (Hungary) (TV)
2043,145,1,(2011) (USA) (DVD)
2044,144,1,(2010) (Hungary) (TV)
2045,144,1,(2010) (Hungary) (TV)
2046,147,1,(2013) (USA) (TV) (cable)
2048,148,1,(2002) (UK) (TV)
2050,27,1,(2006) (UK) (TV)
2054,27,1,(2006) (UK) (TV)
2055,149,1,(2012) (USA) (TV)
2068,130,1,(2006) (USA) (TV)
2075,21,1,(2009) (Australia) (TV)
2079,150,1,(2009-) (Hungary) (TV) (repeats)
2071,151,1,(2007) (worldwide) (TV) (Broadcaster)
2071,152,1,(2007) (worldwide) (TV)
2071,153,1,(2007) (UK) (TV)
1649,64,1,(2008) (Spain) (TV)
1759,73,1,(1952-1953) (Denmark) (TV)
1785,154,1,(2007) (Finland) (TV)
1796,154,1,(2008) (Finland) (TV)
1807,154,1,(2011) (Finland) (TV)
1818,154,1,(2009) (Finland) (TV)
1832,69,1,(2005) (Spain) (TV)
1850,155,1,(2002) (Greece) (TV)
1850,156,1,(2003) (Greece) (TV)
1897,20,1,(2010) (worldwide) (TV)
2069,154,1,(2009-2010) (Finland) (TV)
2070,157,1,(1990) (Denmark) (TV)
2255,158,1,(2010) (Switzerland) (TV)
2266,159,1,(2010) (USA) (all media)
2281,160,1,(2003) (USA) (TV) (original airing)
2281,161,1,(2003) (worldwide) (TV)
2281,162,1,
2281,163,1,(2004) (UK) (TV)
2281,164,1,(2006) (Hungary) (TV)
2281,8,1,(2007) (Netherlands) (TV)
2282,160,1,(2003) (USA) (TV)
2282,127,1,(2009) (Germany) (TV)
2282,164,1,(2006) (Hungary) (TV)
2283,160,1,(2003) (USA) (TV)
2283,127,1,(2009) (Germany) (TV)
2283,164,1,(2006) (Hungary) (TV)
2284,160,1,(2003) (USA) (TV)
2284,127,1,(2009) (Germany) (TV)
2284,164,1,(2006) (Hungary) (TV)
2285,160,1,(2003) (USA) (TV)
2285,127,1,(2009) (Germany) (TV)
2285,164,1,(2006) (Hungary) (TV)
2286,160,1,(2004) (USA) (TV)
2286,127,1,(2010) (Germany) (TV)
2286,164,1,(2006) (Hungary) (TV)
2287,160,1,(2003) (USA) (TV)
2287,127,1,(2010) (Germany) (TV)
2287,164,1,(2006) (Hungary) (TV)
2288,160,1,(2003) (USA) (TV)
2288,127,1,(2009) (Germany) (TV)
2288,164,1,(2006) (Hungary) (TV)
2289,160,1,(2004) (USA) (TV)
2289,127,1,(2010) (Germany) (TV)
2289,164,1,(2006) (Hungary) (TV)
2290,160,1,(2003) (USA) (TV)
2290,127,1,(2010) (Germany) (TV)
2290,164,1,(2006) (Hungary) (TV)
2291,160,1,(2003) (USA) (TV)
2291,127,1,(2010) (Germany) (TV)
2291,164,1,(2006) (Hungary) (TV)
2292,160,1,(2004) (USA) (TV)
2292,127,1,(2010) (Germany) (TV)
2292,164,1,(2006) (Hungary) (TV)
2293,160,1,(2003) (USA) (TV)
2293,127,1,(2010) (Germany) (TV)
2293,164,1,(2006) (Hungary) (TV)
2294,160,1,(2003) (USA) (TV)
2294,127,1,(2010) (Germany) (TV)
2294,164,1,(2006) (Hungary) (TV)
2295,160,1,(2003) (USA) (TV)
2295,127,1,(2010) (Germany) (TV)
2295,164,1,(2006) (Hungary) (TV)
2296,160,1,(2004) (USA) (TV)
2296,127,1,(2010) (Germany) (TV)
2296,164,1,(2006) (Hungary) (TV)
2297,133,1,(2010) (Japan) (TV)
2307,2,1,(2011) (Spain) (all media)
2382,165,1,(2001) (USA) (VHS)
2382,12,1,(2001) (USA) (TV) (original airing)
2416,147,1,(2013) (USA) (TV) (cable)
2417,166,1,(2011) (Philippines) (TV)
2418,166,1,(2011) (Philippines) (TV)
2419,166,1,(2011) (Philippines) (TV)
2420,166,1,(2011) (Philippines) (TV)
2421,166,1,(2011) (Philippines) (TV)
2422,166,1,(2011) (Philippines) (TV)
2423,166,1,(2011) (Philippines) (TV)
2425,166,1,(2011) (Philippines) (TV)
2426,166,1,(2011) (Philippines) (TV)
2427,166,1,(2011) (Philippines) (TV)
2428,166,1,(2011) (Philippines) (TV)
2424,166,1,(2011) (Philippines) (TV)
2436,166,1,(2011) (Philippines) (TV)
2437,166,1,(2011) (Philippines) (TV)
2438,166,1,(2011) (Philippines) (TV)
2439,166,1,(2011) (Philippines) (TV)
2440,166,1,(2011) (Philippines) (TV)
2441,166,1,(2011) (Philippines) (TV)
2442,166,1,(2011) (Philippines) (TV)
2443,166,1,(2011) (Philippines) (TV)
2444,166,1,(2011) (Philippines) (TV)
2445,166,1,(2011) (Philippines) (TV)
2446,166,1,(2011) (Philippines) (TV)
2447,166,1,(2011) (Philippines) (TV)
2448,166,1,(2011) (Philippines) (TV)
2449,166,1,(2011) (Philippines) (TV)
2451,166,1,(2011) (Philippines) (TV)
2453,166,1,(2011) (Philippines) (TV)
2454,166,1,(2011) (Philippines) (TV)
2452,166,1,(2011) (Philippines) (TV)
2455,166,1,(2011) (Philippines) (TV)
2456,166,1,(2011) (Philippines) (TV)
2457,166,1,(2011) (Philippines) (TV)
2458,166,1,(2011) (Philippines) (TV)
2459,166,1,(2011) (Philippines) (TV)
2460,166,1,(2011) (Philippines) (TV)
2461,166,1,(2011) (Philippines) (TV)
2462,166,1,(2011) (Philippines) (TV)
2463,166,1,(2011) (Philippines) (TV)
2464,166,1,(2011) (Philippines) (TV)
2465,166,1,(2011) (Philippines) (TV)
2466,166,1,(2011) (Philippines) (TV)
2467,166,1,(2011) (Philippines) (TV)
2468,166,1,(2011) (Philippines) (TV)
2429,166,1,(2011) (Philippines) (TV)
2430,166,1,(2011) (Philippines) (TV)
2431,166,1,(2011) (Philippines) (TV)
2432,166,1,(2011) (Philippines) (TV)
2433,166,1,(2011) (Philippines) (TV)
2434,166,1,(2011) (Philippines) (TV)
2435,166,1,(2011) (Philippines) (TV)
2450,166,1,(2011) (Philippines) (TV)
2469,166,1,(2011) (Philippines) (TV)
2470,166,1,(2011) (Philippines) (TV)
2471,166,1,(2011) (Philippines) (TV)
2472,166,1,(2011) (Philippines) (TV)
2474,166,1,(2011) (Philippines) (TV)
2475,166,1,(2011) (Philippines) (TV)
2476,166,1,(2011) (Philippines) (TV)
2477,166,1,(2011) (Philippines) (TV)
2473,166,1,(2011) (Philippines) (TV)
2478,166,1,(2011) (Philippines) (TV)
2483,166,1,(2011) (Philippines) (TV)
2484,166,1,(2011) (Philippines) (TV)
2479,166,1,(2011) (Philippines) (TV)
2480,166,1,(2011) (Philippines) (TV)
2481,166,1,(2011) (Philippines) (TV)
2482,166,1,(2011) (Philippines) (TV)
2485,166,1,(2011) (Philippines) (TV)
2486,166,1,(2011) (Philippines) (TV)
2487,166,1,(2011) (Philippines) (TV)
2488,166,1,(2011) (Philippines) (TV)
2489,166,1,(2011) (Philippines) (TV)
2490,166,1,(2011) (Philippines) (TV)
2491,166,1,(2011) (Philippines) (TV)
2492,166,1,(2011) (Philippines) (TV)
2493,166,1,(2011) (Philippines) (TV)
2494,166,1,(2011) (Philippines) (TV)
2495,166,1,(2011) (Philippines) (TV)
2496,166,1,(2011) (Philippines) (TV)
2497,166,1,(2011) (Philippines) (TV)
2499,166,1,(2011) (Philippines) (TV)
2498,166,1,(2011) (Philippines) (TV)
2500,166,1,(2011) (Philippines) (TV)
2501,166,1,(2011) (Philippines) (TV)
2502,166,1,(2011) (Philippines) (TV)
2503,166,1,(2011) (Philippines) (TV)
2505,166,1,(2011) (Philippines) (TV)
2506,166,1,(2011) (Philippines) (TV)
2507,166,1,(2011) (Philippines) (TV)
2508,166,1,(2011) (Philippines) (TV)
2504,166,1,(2011) (Philippines) (TV)
2509,166,1,(2011) (Philippines) (TV)
2510,166,1,(2011) (Philippines) (TV)
2511,166,1,(2011) (Philippines) (TV)
2512,166,1,(2011) (Philippines) (TV)
2513,166,1,(2011) (Philippines) (TV)
2514,166,1,(2011) (Philippines) (TV)
2515,166,1,(2011) (Philippines) (TV)
2516,166,1,(2011) (Philippines) (TV)
2517,166,1,(2011) (Philippines) (TV)
2518,166,1,(2011) (Philippines) (TV)
2519,166,1,(2011) (Philippines) (TV)
2520,166,1,(2011) (Philippines) (TV)
2521,166,1,(2011) (Philippines) (TV)
2522,166,1,(2011) (Philippines) (TV)
2525,166,1,(2011) (Philippines) (TV)
2526,166,1,(2011) (Philippines) (TV)
2527,166,1,(2011) (Philippines) (TV)
2528,166,1,(2011) (Philippines) (TV)
2529,166,1,(2011) (Philippines) (TV)
2530,166,1,(2011) (Philippines) (TV)
2531,166,1,(2011) (Philippines) (TV)
2532,166,1,(2011) (Philippines) (TV)
2533,166,1,(2011) (Philippines) (TV)
2534,166,1,(2011) (Philippines) (TV)
2535,166,1,(2011) (Philippines) (TV)
2536,166,1,(2011) (Philippines) (TV)
2537,166,1,(2011) (Philippines) (TV)
2538,166,1,(2011) (Philippines) (TV)
2539,166,1,(2011) (Philippines) (TV)
2540,166,1,(2011) (Philippines) (TV)
2523,166,1,(2011) (Philippines) (TV)
2524,166,1,(2011) (Philippines) (TV)
2541,166,1,(2011) (Philippines) (TV)
2542,166,1,(2011) (Philippines) (TV)
2543,166,1,(2011) (Philippines) (TV)
2544,166,1,(2011) (Philippines) (TV)
2545,166,1,(2011) (Philippines) (TV)
2546,166,1,(2011) (Philippines) (TV)
2547,166,1,(2011) (Philippines) (TV)
2548,166,1,(2011) (Philippines) (TV)
2549,166,1,(2011) (Philippines) (TV)
2550,166,1,(2011) (Philippines) (TV)
2551,166,1,(2011) (Philippines) (TV)
2552,166,1,(2011) (Philippines) (TV)
2553,166,1,(2011) (Philippines) (TV)
2554,166,1,(2011) (Philippines) (TV)
2555,166,1,(2011) (Philippines) (TV)
2556,166,1,(2011) (Philippines) (TV)
2557,166,1,(2011) (Philippines) (TV)
2558,102,1,(2005) (Spain) (TV)
2558,167,1,(2001-2002) (Japan) (TV)
2558,168,1,
2600,169,1,(2000) (USA) (TV)
2601,169,1,(2010) (USA) (TV)
2614,170,1,(2004) (USA) (TV)
2627,169,1,(2006) (USA) (TV)
2628,169,1,(2011) (USA) (all media)
2785,171,1,(1981) (Japan) (TV)
2814,172,1,(2011) (USA) (TV)
2820,169,1,(2003) (USA) (TV)
2821,173,1,(2008) (Japan) (TV)
2821,174,1,(2009) (Japan) (DVD)
2824,175,1,(2012) (Japan) (TV)
2833,27,1,(1992) (UK) (TV)
2834,176,1,(2004) (worldwide) (TV)
2839,137,1,(2006) (Germany) (TV)
2851,19,1,(2010) (USA) (TV)
2858,117,1,(2007) (USA) (TV)
2859,177,1,(2011) (worldwide)
2640,178,1,(2004-2006) (Sweden) (TV)
2800,179,1,(2009) (Mexico) (all media)
2804,180,1,(2002) (France) (TV)
2832,181,1,(1995) (Japan) (TV)
2861,73,1,(1997) (Denmark) (TV)
2872,73,1,
2879,182,1,(2007) (USA) (TV)
2912,183,1,(1997) (Greece) (TV)
2917,184,1,(2002-) (Germany) (TV)
2881,185,1,(2001) (Spain) (TV)
2894,108,1,(2002) (Spain) (TV)
2910,186,1,(2003) (Greece) (TV)
2914,187,1,(2002-2004) (France) (TV)
2914,188,1,(1998-2002) (France) (TV)
2918,189,1,
2918,190,1,
2924,191,1,
2931,192,1,(2010) (Hungary) (TV)
2931,57,1,(2008) (USA) (all media)
3008,192,1,(2011) (Hungary) (TV)
3008,57,1,(2011) (USA) (TV)
3032,192,1,(2011) (Hungary) (TV)
3032,57,1,(2011) (USA) (TV)
2925,98,1,(2002) (Argentina) (TV)
2925,193,1,(2003) (Hungary) (TV)
2925,194,1,(2003) (Poland) (TV)
2925,96,1,(worldwide) (all media)
2925,195,1,(2002) (Israel) (TV)
2930,32,1,(2003-) (Netherlands) (TV)
3062,196,1,(2007) (Sweden) (DVD)
3062,197,1,(1980) (Sweden) (TV)
3063,196,1,(2007) (Sweden) (DVD)
3063,197,1,(1980) (Sweden) (TV)
3064,196,1,(2007) (Sweden) (DVD)
3064,197,1,(1980) (Sweden) (TV)
3065,196,1,(2007) (Sweden) (DVD)
3065,197,1,(1980) (Sweden) (TV)
3066,196,1,(2007) (Sweden) (DVD)
3066,197,1,(1980) (Sweden) (TV)
3067,196,1,(2007) (Sweden) (DVD)
3067,197,1,(1980) (Sweden) (TV)
3068,196,1,(2007) (Sweden) (DVD)
3068,197,1,(1980) (Sweden) (TV)
3069,198,1,(2009) (USA) (TV)
3069,199,1,(2009) (USA) (TV)
3189,200,1,(1995-1996) (Portugal) (TV)
3083,201,1,(2011-2012) (Hungary) (TV) (re-release)
3083,202,1,(2006) (Turkey) (TV)
3083,203,1,(2012-2013) (Hungary) (TV) (re-release)
3083,164,1,(2011) (Hungary) (TV) (158-episode version)
3084,164,1,(2011) (Hungary) (TV)
3085,164,1,(2011) (Hungary) (TV)
3086,164,1,(2011) (Hungary) (TV)
3087,164,1,(2011) (Hungary) (TV)
3088,164,1,(2011) (Hungary) (TV)
3089,164,1,(2011) (Hungary) (TV)
3090,164,1,(2011) (Hungary) (TV)
3091,164,1,(2011) (Hungary) (TV)
3092,164,1,(2011) (Hungary) (TV)
3093,164,1,(2011) (Hungary) (TV)
3094,164,1,(2011) (Hungary) (TV)
3095,164,1,(2011) (Hungary) (TV)
3096,164,1,(2011) (Hungary) (TV)
3097,164,1,(2011) (Hungary) (TV)
3098,164,1,(2011) (Hungary) (TV)
3099,164,1,(2011) (Hungary) (TV)
3100,164,1,(2011) (Hungary) (TV)
3101,164,1,(2011) (Hungary) (TV)
3102,164,1,(2011) (Hungary) (TV)
3103,164,1,(2011) (Hungary) (TV)
3104,164,1,(2011) (Hungary) (TV)
3105,164,1,(2011) (Hungary) (TV)
3106,164,1,(2011) (Hungary) (TV)
3107,164,1,(2011) (Hungary) (TV)
3108,164,1,(2011) (Hungary) (TV)
3109,164,1,(2011) (Hungary) (TV)
3110,164,1,(2011) (Hungary) (TV)
3111,164,1,(2011) (Hungary) (TV)
3112,164,1,(2011) (Hungary) (TV)
3113,164,1,(2011) (Hungary) (TV)
3114,164,1,(2011) (Hungary) (TV)
3115,164,1,(2011) (Hungary) (TV)
3116,164,1,(2011) (Hungary) (TV)
3117,164,1,(2011) (Hungary) (TV)
3118,164,1,(2011) (Hungary) (TV)
3119,164,1,(2011) (Hungary) (TV)
3120,164,1,(2011) (Hungary) (TV)
3121,164,1,(2011) (Hungary) (TV)
3122,164,1,(2011) (Hungary) (TV)
3123,164,1,(2011) (Hungary) (TV)
3124,164,1,(2011) (Hungary) (TV)
3125,164,1,(2011) (Hungary) (TV)
3126,164,1,(2011) (Hungary) (TV)
3127,164,1,(2011) (Hungary) (TV)
3128,164,1,(2011) (Hungary) (TV)
3129,164,1,(2011) (Hungary) (TV)
3130,164,1,(2011) (Hungary) (TV)
3131,164,1,(2011) (Hungary) (TV)
3132,164,1,(2011) (Hungary) (TV)
3133,164,1,(2011) (Hungary) (TV)
3134,164,1,(2011) (Hungary) (TV)
3135,164,1,(2011) (Hungary) (TV)
3136,164,1,(2011) (Hungary) (TV)
3137,164,1,(2011) (Hungary) (TV)
3138,164,1,(2011) (Hungary) (TV)
3139,164,1,(2011) (Hungary) (TV)
3140,164,1,(2011) (Hungary) (TV)
3141,164,1,(2011) (Hungary) (TV)
3142,164,1,(2011) (Hungary) (TV)
3143,164,1,(2011) (Hungary) (TV)
3144,164,1,(2011) (Hungary) (TV)
3145,164,1,(2011) (Hungary) (TV)
3146,164,1,(2011) (Hungary) (TV)
3147,164,1,(2011) (Hungary) (TV)
3148,164,1,(2011) (Hungary) (TV)
3173,164,1,(2011) (Hungary) (TV)
3190,1,1,(2004) (USA) (TV)
3190,204,1,(200?) (Japan) (TV)
3191,205,1,(2008) (USA) (TV)
3201,160,1,
3201,161,1,
3201,206,1,(2001-2007) (Portugal) (TV)
3201,207,1,(1999-2000) (worldwide) (all media)
3201,208,1,(2008-) (Portugal) (TV)
3201,209,1,(1999-2006) (worldwide) (all media)
3268,210,1,(2010) (worldwide) (all media)
3279,211,1,(2007) (worldwide) (TV)
3279,204,1,(2007) (Japan) (TV)
3280,1,1,(2006) (worldwide) (TV)
3282,1,1,(2003) (worldwide) (TV)
3283,212,1,(2004) (UK) (TV)
3309,2,1,(2013) (worldwide) (all media)
3320,160,1,(2011) (USA) (TV)
3320,213,1,(2012) (Hungary) (TV)
3321,213,1,(2012) (Hungary) (TV)
3322,213,1,(2012) (Hungary) (TV)
3323,213,1,(2012) (Hungary) (TV)
3324,213,1,(2012) (Hungary) (TV)
3325,213,1,(2012) (Hungary) (TV)
3326,213,1,(2012) (Hungary) (TV)
3327,214,1,(2010) (UK) (TV)
3327,213,1,(2012) (Hungary) (TV)
3284,215,1,(2007-2008) (Belgium) (TV)
3328,1,1,
3342,216,1,(2000) (USA) (TV)
3342,217,1,(200?) (Japan) (TV)
3532,216,1,(2007) (USA) (TV)
3552,218,1,(2009) (UK) (DVD)
3552,219,1,(2009) (worldwide) (all media)
3552,139,1,(2009) (UK) (TV)
3552,30,1,(2011) (Germany) (DVD)
3553,139,1,(2009) (UK) (TV)
3554,139,1,(2009) (UK) (TV)
3555,220,1,(2010) (Russia) (TV)
3585,221,1,(2005) (Greece) (TV)
3680,160,1,(1968) (USA) (TV)
3682,222,1,(1990-) (Switzerland) (TV)
3683,27,1,(1989) (UK) (TV)
3800,223,1,(2006) (Canada) (TV)
3834,224,1,(2005-) (Canada) (TV)
3852,225,1,
3823,171,1,(2011) (Japan) (TV)
3824,171,1,(2011) (Japan) (TV)
3860,185,1,(2011) (Spain) (TV)
3861,226,1,(2011) (Spain) (DVD)
3862,226,1,(2011) (Spain) (DVD)
3863,11,1,(2015) (USA) (TV)
3864,21,1,(worldwide)
3871,46,1,(2009) (Hungary) (TV)
3871,227,1,(2011) (Hungary) (TV) (re-release)
3871,228,1,(2012) (Germany) (DVD)
3872,46,1,(2009) (Hungary) (TV)
3873,46,1,(2009) (Hungary) (TV)
3874,46,1,(2010) (Hungary) (TV)
3875,46,1,(2010) (Hungary) (TV)
3876,46,1,(2011) (Hungary) (TV)
3877,46,1,(2011) (Hungary) (TV)
3878,46,1,(2011) (Hungary) (TV)
3879,46,1,(2011) (Hungary) (TV)
3880,46,1,(2011) (Hungary) (TV)
3881,46,1,(2011) (Hungary) (TV)
3882,46,1,(2011) (Hungary) (TV)
3883,46,1,(2011) (Hungary) (TV)
3884,46,1,(2009) (Hungary) (TV)
3885,46,1,(2011) (Hungary) (TV)
3886,46,1,(2009) (Hungary) (TV)
3887,46,1,(2009) (Hungary) (TV)
3888,46,1,(2009) (Hungary) (TV)
3889,46,1,(2009) (Hungary) (TV)
3890,46,1,(2009) (Hungary) (TV)
3891,46,1,(2009) (Hungary) (TV)
3892,46,1,(2009) (Hungary) (TV)
3893,46,1,(2009) (Hungary) (TV)
3894,46,1,(2009) (Hungary) (TV)
3895,46,1,(2009) (Hungary) (TV)
3896,46,1,(2009) (Hungary) (TV)
3897,46,1,(2009) (Hungary) (TV)
3898,46,1,(2009) (Hungary) (TV)
3899,46,1,(2009) (Hungary) (TV)
3900,46,1,(2009) (Hungary) (TV)
3901,46,1,(2009) (Hungary) (TV)
3902,46,1,(2009) (Hungary) (TV)
3903,46,1,(2009) (Hungary) (TV)
3904,46,1,(2009) (Hungary) (TV)
3905,46,1,(2009) (Hungary) (TV)
3906,46,1,(2009) (Hungary) (TV)
3907,46,1,(2009) (Hungary) (TV)
3908,46,1,(2009) (Hungary) (TV)
3909,46,1,(2009) (Hungary) (TV)
3910,46,1,(2009) (Hungary) (TV)
3911,46,1,(2009) (Hungary) (TV)
3912,46,1,(2009) (Hungary) (TV)
3913,46,1,(2009) (Hungary) (TV)
3914,46,1,(2009) (Hungary) (TV)
3915,46,1,(2009) (Hungary) (TV)
3916,46,1,(2009) (Hungary) (TV)
3917,46,1,(2009) (Hungary) (TV)
3918,46,1,(2009) (Hungary) (TV)
3919,46,1,(2009) (Hungary) (TV)
3920,46,1,(2009) (Hungary) (TV)
3921,46,1,(2009) (Hungary) (TV)
3922,46,1,(2009) (Hungary) (TV)
3923,46,1,(2009) (Hungary) (TV)
3924,46,1,(2009) (Hungary) (TV)
3925,46,1,(2009) (Hungary) (TV)
3926,46,1,(2009) (Hungary) (TV)
3927,46,1,(2009) (Hungary) (TV)
3928,46,1,(2009) (Hungary) (TV)
3929,46,1,(2009) (Hungary) (TV)
3930,46,1,(2009) (Hungary) (TV)
3931,46,1,(2009) (Hungary) (TV)
3932,46,1,(2009) (Hungary) (TV)
3933,46,1,(2009) (Hungary) (TV)
3934,46,1,(2009) (Hungary) (TV)
3935,46,1,(2009) (Hungary) (TV)
3936,46,1,(2009) (Hungary) (TV)
3937,46,1,(2009) (Hungary) (TV)
3938,46,1,(2009) (Hungary) (TV)
3939,46,1,(2009) (Hungary) (TV)
3940,46,1,(2009) (Hungary) (TV)
3941,46,1,(2009) (Hungary) (TV)
3942,46,1,(2009) (Hungary) (TV)
3943,46,1,(2009) (Hungary) (TV)
3944,46,1,(2009) (Hungary) (TV)
3945,46,1,(2009) (Hungary) (TV)
3946,46,1,(2009) (Hungary) (TV)
3947,46,1,(2009) (Hungary) (TV)
3948,46,1,(2009) (Hungary) (TV)
3949,46,1,(2009) (Hungary) (TV)
3950,46,1,(2009) (Hungary) (TV)
3951,46,1,(2009) (Hungary) (TV)
3952,46,1,(2009) (Hungary) (TV)
3953,46,1,(2009) (Hungary) (TV)
3954,46,1,(2009) (Hungary) (TV)
3955,46,1,(2009) (Hungary) (TV)
3956,46,1,(2010) (Hungary) (TV)
3957,46,1,(2010) (Hungary) (TV)
3958,46,1,(2010) (Hungary) (TV)
3959,46,1,(2009) (Hungary) (TV)
3961,46,1,(2009) (Hungary) (TV)
3962,46,1,(2009) (Hungary) (TV)
3960,46,1,(2009) (Hungary) (TV)
3963,46,1,(2009) (Hungary) (TV)
3964,46,1,(2009) (Hungary) (TV)
3965,46,1,(2009) (Hungary) (TV)
3966,46,1,(2009) (Hungary) (TV)
3967,46,1,(2009) (Hungary) (TV)
3968,46,1,(2009) (Hungary) (TV)
3969,46,1,(2009) (Hungary) (TV)
3970,46,1,(2009) (Hungary) (TV)
3971,46,1,(2009) (Hungary) (TV)
3972,46,1,(2009) (Hungary) (TV)
3973,46,1,(2009) (Hungary) (TV)
3974,46,1,(2009) (Hungary) (TV)
3975,46,1,(2009) (Hungary) (TV)
3976,46,1,(2009) (Hungary) (TV)
3977,46,1,(2009) (Hungary) (TV)
3978,46,1,(2009) (Hungary) (TV)
3979,46,1,(2009) (Hungary) (TV)
3980,46,1,(2009) (Hungary) (TV)
3981,46,1,(2009) (Hungary) (TV)
3982,229,1,(2006) (Czech Republic) (TV)
3983,230,1,(2013) (Sweden) (TV)
3993,73,1,(2010) (Denmark) (TV)
4017,74,1,(2009) (Japan) (TV)
4017,95,1,(2009) (Japan) (TV)
4017,231,1,(2009) (Japan) (TV)
4017,232,1,(2011) (USA) (DVD)
4017,233,1,(2011) (USA) (DVD)
4017,234,1,(2009) (Japan) (TV)
4017,235,1,(2009) (Japan) (TV)
4017,236,1,(2009) (Japan) (TV)
4018,74,1,(2011) (Japan) (TV)
4018,95,1,(2011) (Japan) (TV)
4018,231,1,(2011) (Japan) (TV)
4018,232,1,(2011) (USA) (all media)
4018,233,1,(2011) (USA) (all media)
4027,114,1,(1965) (Japan) (TV)
4029,237,1,(2001) (Japan) (DVD)
4029,114,1,(1979) (Japan) (TV)
4033,92,1,(2007) (Japan) (TV)
4035,16,1,(1997) (USA) (TV)
4037,93,1,(2006) (UK) (TV)
4138,238,1,(2006) (Germany) (TV)
4138,30,1,(2009) (Germany) (DVD)
4138,239,1,(2008) (Germany) (TV)
4199,240,1,(2006) (USA) (TV)
4209,160,1,(1964-1967) (USA) (TV)
4210,160,1,(1966) (USA) (TV)
4211,160,1,(1967) (USA) (TV)
4212,160,1,(1964) (USA) (TV)
4213,160,1,(1966) (USA) (TV)
4214,160,1,(1964) (USA) (TV)
4215,160,1,(1966) (USA) (TV)
4216,160,1,(1965) (USA) (TV)
4217,160,1,(1965) (USA) (TV)
4218,160,1,(1966) (USA) (TV)
4219,160,1,(1966) (USA) (TV)
4220,160,1,(1966) (USA) (TV)
4221,160,1,(1964) (USA) (TV)
4221,241,1,(????) (USA) (DVD)
4221,241,1,(????) (USA) (VHS)
4222,160,1,(1966) (USA) (TV)
4223,160,1,(1965) (USA) (TV)
4224,160,1,(1966) (USA) (TV)
4225,160,1,(1965) (USA) (TV)
4226,160,1,(1966) (USA) (TV)
4227,160,1,(1964) (USA) (TV)
4227,241,1,(????) (USA) (DVD)
4227,241,1,(????) (USA) (VHS)
4228,160,1,(1966) (USA) (TV)
4229,160,1,(1966) (USA) (TV)
4230,160,1,(1964) (USA) (TV)
4230,241,1,(????) (USA) (DVD)
4230,241,1,(????) (USA) (VHS)
4231,160,1,(1965) (USA) (TV)
4232,160,1,(1966) (USA) (TV)
4233,160,1,(1964) (USA) (TV)
4234,160,1,(1965) (USA) (TV)
4235,160,1,(1965) (USA) (TV)
4236,160,1,(1964) (USA) (TV)
4237,160,1,(1966) (USA) (TV)
4238,160,1,(1965) (USA) (TV)
4239,160,1,(1965) (USA) (TV)
4240,160,1,(1965) (USA) (TV)
4241,160,1,(1966) (USA) (TV)
4242,160,1,(1964) (USA) (TV)
4242,241,1,(????) (USA) (DVD)
4242,241,1,(????) (USA) (VHS)
4243,160,1,(1965) (USA) (TV)
4244,160,1,(1965) (USA) (TV)
4245,160,1,(1965) (USA) (TV)
4246,160,1,(1966) (USA) (TV)
4247,160,1,(1966) (USA) (TV)
4248,160,1,(1964) (USA) (TV)
4249,160,1,(1965) (USA) (TV)
4250,160,1,(1965) (USA) (TV)
4251,160,1,(1966) (USA) (TV)
4252,160,1,(1965) (USA) (TV)
4253,160,1,(1966) (USA) (TV)
4254,160,1,(1965) (USA) (TV)
4255,160,1,(1964) (USA) (TV)
4255,241,1,(????) (USA) (DVD)
4255,241,1,(????) (USA) (VHS)
4256,160,1,(1965) (USA) (TV)
4257,160,1,(1966) (USA) (TV)
4258,160,1,(1966) (USA) (TV)
4259,160,1,(1965) (USA) (TV)
4260,160,1,(1966) (USA) (TV)
4261,160,1,(1965) (USA) (TV)
4262,160,1,(1964) (USA) (TV)
4262,241,1,(????) (USA) (DVD)
4262,241,1,(????) (USA) (VHS)
4263,160,1,(1967) (USA) (TV)
4264,160,1,(1965) (USA) (TV)
4265,160,1,(1965) (USA) (TV)
4266,160,1,(1965) (USA) (TV)
4267,160,1,(1965) (USA) (TV)
4268,160,1,(1964) (USA) (TV)
4268,241,1,(????) (USA) (DVD)
4268,241,1,(????) (USA) (VHS)
4269,160,1,(1965) (USA) (TV)
4270,160,1,(1966) (USA) (TV)
4271,160,1,(1966) (USA) (TV)
4272,160,1,(1966) (USA) (TV)
4273,160,1,(1964) (USA) (TV)
4273,241,1,(????) (USA) (DVD)
4273,241,1,(????) (USA) (VHS)
4274,160,1,(1966) (USA) (TV)
4275,160,1,(1964) (USA) (TV)
4276,160,1,(1965) (USA) (TV)
4277,160,1,(1965) (USA) (TV)
4278,160,1,(1965) (USA) (TV)
4279,160,1,(1965) (USA) (TV)
4280,160,1,(1965) (USA) (TV)
4281,160,1,(1965) (USA) (TV)
4282,160,1,(1966) (USA) (TV)
4283,160,1,(1966) (USA) (TV)
4284,160,1,(1966) (USA) (TV)
4285,160,1,(1965) (USA) (TV)
4286,160,1,(1965) (USA) (TV)
4287,160,1,(1966) (USA) (TV)
4426,242,1,(2010) (USA) (TV)
4039,243,1,(Argentina)
4041,244,1,(2005) (USA) (TV)
4041,244,1,(2009) (USA) (TV)
4041,245,1,(2009) (USA) (TV)
4041,246,1,(2004) (USA) (TV)
4119,244,1,(2008) (USA) (TV)
4119,179,1,(2009) (Mexico) (TV)
4125,247,1,(2011) (Chile) (TV)
4152,248,1,(2005) (USA) (DVD)
4152,249,1,(2005) (France) (DVD)
4152,250,1,(2005) (Australia) (DVD)
4152,250,1,(2005) (New Zealand) (DVD)
4198,183,1,(2005) (Greece) (TV)
4288,251,1,(2005) (USA) (TV)
4288,78,1,(2005) (USA) (TV)
4445,16,1,(USA)
4448,181,1,(2005) (Japan) (TV)
4454,252,1,(2003) (Netherlands) (TV)
4455,253,1,(2009) (Germany) (TV)
4455,254,1,(2009) (worldwide) (TV)
4455,255,1,(2009) (Switzerland) (TV)
4455,225,1,(2009) (Germany) (TV)
4482,256,1,(1959-1960) (USA) (TV)
4482,257,1,(1959-1960) (Sweden) (TV)
4482,258,1,(video)
4483,259,1,(2007) (Sweden) (DVD)
4485,259,1,(2007) (Sweden) (DVD)
4486,256,1,(19??) (USA) (TV)
4486,257,1,(19??) (Sweden) (TV)
4486,259,1,(2007) (Sweden) (DVD)
4490,256,1,(1960) (USA) (TV)
4492,259,1,(2005) (Sweden) (DVD)
4492,258,1,"(2001) (USA) (DVD) (with \Terror in the Midnight Sun\"")"""
4493,256,1,(1960) (USA) (TV)
4493,259,1,(2007) (Sweden) (DVD)
4496,19,1,(1989) (USA) (TV) (1989)
4651,160,1,(1979) (USA) (TV)
4652,160,1,(1979) (USA) (TV)
4653,160,1,(1979) (USA) (TV)
4654,160,1,(1979) (USA) (TV)
4655,160,1,(1979) (USA) (TV)
4656,160,1,(1979) (USA) (TV)
4657,160,1,(1979) (USA) (TV)
4658,160,1,(1979) (USA) (TV)
4659,160,1,(1979) (USA) (TV)
4660,160,1,(1979) (USA) (TV)
4661,260,1,(2012) (UK) (TV)
4661,93,1,(2012) (UK) (TV)
4457,64,1,(2007) (Spain) (TV)
4513,261,1,(1981-1992) (France) (TV)
4513,180,1,(1992-) (France) (TV)
4540,262,1,(2009-2010) (Netherlands) (TV)
4541,262,1,(2009) (Netherlands) (TV)
4542,262,1,(2010) (Netherlands) (TV)
4543,262,1,(2009) (Netherlands) (TV)
4544,262,1,(2009) (Netherlands) (TV)
4545,262,1,(2009) (Netherlands) (TV)
4546,262,1,(2009) (Netherlands) (TV)
4547,262,1,(2009) (Netherlands) (TV)
4548,262,1,(2010) (Netherlands) (TV)
4549,262,1,(2009) (Netherlands) (TV)
4551,262,1,(2009) (Netherlands) (TV)
4550,262,1,(2010) (Netherlands) (TV)
4552,262,1,(2009) (Netherlands) (TV)
4553,262,1,(2009) (Netherlands) (TV)
4666,64,1,(1987) (Spain) (TV)
4668,263,1,(1988) (worldwide) (TV)
4680,171,1,(2012) (Japan) (TV)
4681,171,1,(2012) (Japan) (TV)
4682,171,1,(2012) (Japan) (TV)
4683,171,1,(2012) (Japan) (TV)
4684,171,1,(2012) (Japan) (TV)
4685,171,1,(2012) (Japan) (TV)
4686,171,1,(2012) (Japan) (TV)
4687,171,1,(2012) (Japan) (TV)
4688,171,1,(2012) (Japan) (TV)
4689,171,1,(2012) (Japan) (TV)
4690,264,1,(2006) (Czech Republic) (TV)
4698,69,1,(1986) (Spain) (TV)
4699,156,1,(2012) (Greece) (TV)
4700,122,1,(2009) (Hungary) (TV)
4700,265,1,(2009) (USA) (TV)
4701,122,1,(2009) (Hungary) (TV) (AXN Sci-Fi)
4702,122,1,(2009) (Hungary) (TV) (AXN Sci-Fi)
4703,122,1,(2009) (Hungary) (TV) (AXN Sci-Fi)
4704,122,1,(2009) (Hungary) (TV) (AXN Sci-Fi)
4705,122,1,(2009) (Hungary) (TV) (AXN Sci-Fi)
4706,122,1,(2009) (Hungary) (TV) (AXN Sci-Fi)
4707,122,1,(2009) (Hungary) (TV) (AXN Sci-Fi)
4707,265,1,(2009) (USA) (TV)
4708,122,1,(2009) (Hungary) (TV) (AXN Sci-Fi)
4710,266,1,(2007) (USA) (TV)
4709,267,1,(1971) (Greece) (TV)
4714,69,1,(2011) (Spain) (TV)
4729,268,1,(2007) (worldwide) (TV)
4730,269,1,
4731,270,1,(2005) (Denmark) (TV)
4732,12,1,(2007) (USA) (TV)
4737,271,1,(2008) (Brazil) (TV)
4773,272,1,(2012) (Spain) (TV)
4738,270,1,(2004) (Denmark) (TV)
4739,270,1,(2004) (Denmark) (TV)
4740,181,1,(2005) (Japan) (TV)
4758,273,1,(1983) (Greece) (TV)
4802,274,1,(worldwide)
4858,155,1,(2013) (Greece) (TV)
4859,20,1,(2009) (USA) (TV)
4948,275,1,(1986) (Yugoslavia) (TV)
4949,276,1,(1960) (Sweden) (TV)
4951,277,1,(2005) (Belgium) (TV)
4951,278,1,(2005) (Belgium) (TV)
4992,19,1,(2012) (USA) (TV)
4993,19,1,(2013) (USA) (TV)
4995,19,1,(2013) (USA) (TV)
4996,19,1,(2013) (USA) (TV)
4997,19,1,(2013) (USA) (TV)
4998,19,1,(2013) (USA) (TV)
4999,19,1,(2013) (USA) (TV)
5000,19,1,(2013) (USA) (TV)
5001,19,1,(2013) (USA) (TV)
5002,19,1,(2013) (USA) (TV)
5003,19,1,(2013) (USA) (TV)
5004,19,1,(2013) (USA) (TV)
5005,19,1,(2013) (USA) (TV)
5008,279,1,(2011) (USA) (video)
5007,280,1,(worldwide)
5010,281,1,(2011) (Canada) (TV)
5012,128,1,(2004) (Denmark) (TV)
5013,282,1,(2008) (Romania) (TV)
5014,282,1,(2008) (Romania) (TV)
5016,282,1,(2008) (Romania) (TV)
5017,282,1,(2008) (Romania) (TV)
5018,282,1,(2008) (Romania) (TV)
5019,282,1,(2008) (Romania) (TV)
5020,282,1,(2008) (Romania) (TV)
5021,282,1,(2008) (Romania) (TV)
5022,283,1,(2008) (USA) (TV)
5022,284,1,(2008) (USA) (TV)
5187,285,1,(2011) (Germany) (TV)
5191,286,1,(1996) (India) (TV)
5192,287,1,(2005) (Chile) (all media)
5211,288,1,(2010) (France) (TV)
5218,67,1,(1992) (Germany) (TV)
5225,289,1,(2006) (USA) (TV)
5225,290,1,(2006) (USA) (TV)
5226,291,1,(2001) (USA) (TV)
5229,292,1,(2004) (Germany) (TV)
5229,164,1,(2006) (Hungary) (TV)
5230,293,1,(2009) (Germany) (DVD)
5230,294,1,(2009) (Germany) (DVD)
5231,293,1,(2009) (Germany) (DVD)
5231,294,1,(2009) (Germany) (DVD)
5232,293,1,(2009) (Germany) (DVD)
5232,294,1,(2009) (Germany) (DVD)
5233,293,1,(2009) (Germany) (DVD)
5233,294,1,(2009) (Germany) (DVD)
5235,293,1,(2009) (Germany) (DVD)
5235,294,1,(2009) (Germany) (DVD)
5236,293,1,(2009) (Germany) (DVD)
5236,294,1,(2009) (Germany) (DVD)
5234,293,1,(2009) (Germany) (DVD)
5234,294,1,(2009) (Germany) (DVD)
5237,293,1,(2009) (Germany) (DVD)
5237,294,1,(2009) (Germany) (DVD)
5238,293,1,(2009) (Germany) (DVD)
5238,294,1,(2009) (Germany) (DVD)
5239,293,1,(2009) (Germany) (DVD)
5239,294,1,(2009) (Germany) (DVD)
5240,293,1,(2009) (Germany) (DVD)
5240,294,1,(2009) (Germany) (DVD)
5241,293,1,(2009) (Germany) (DVD)
5241,294,1,(2009) (Germany) (DVD)
5242,293,1,(2009) (Germany) (DVD)
5242,294,1,(2009) (Germany) (DVD)
5243,293,1,(2009) (Germany) (DVD)
5243,294,1,(2009) (Germany) (DVD)
5244,293,1,(2009) (Germany) (DVD)
5244,294,1,(2009) (Germany) (DVD)
5245,293,1,(2009) (Germany) (DVD)
5245,294,1,(2009) (Germany) (DVD)
5246,293,1,(2009) (Germany) (DVD)
5246,294,1,(2009) (Germany) (DVD)
5247,293,1,(2009) (Germany) (DVD)
5247,294,1,(2009) (Germany) (DVD)
5248,293,1,(2009) (Germany) (DVD)
5248,294,1,(2009) (Germany) (DVD)
5249,293,1,(2009) (Germany) (DVD)
5249,294,1,(2009) (Germany) (DVD)
5250,137,1,(2010) (Germany) (TV)
5284,295,1,(2005) (Netherlands) (DVD) (season 1)
5284,141,1,(2000) (USA) (TV)
5284,31,1,(2003) (Netherlands) (TV) (RTL5)
5284,51,1,(2008) (Netherlands) (DVD) (season 2)
5284,164,1,(2002) (Hungary) (TV)
5284,296,1,(2007) (USA) (DVD)
5284,297,1,(2004) (Belgium) (TV)
5286,298,1,(2001) (USA) (TV)
5287,298,1,(2001) (USA) (TV)
5288,298,1,(2000) (USA) (TV)
5289,298,1,(2001) (USA) (TV)
5290,298,1,(2000) (USA) (TV)
5291,298,1,(2001) (USA) (TV)
5292,298,1,(2000) (USA) (TV)
5293,298,1,(2001) (USA) (TV)
5294,298,1,(2001) (USA) (TV)
5295,298,1,(2001) (USA) (TV)
5296,31,1,(2003) (Netherlands) (TV) (RTL5)
5296,298,1,(2001) (USA) (TV)
5297,298,1,(2001) (USA) (TV)
5298,298,1,(2000) (USA) (TV)
5299,298,1,(2000) (USA) (TV)
5300,298,1,(2001) (USA) (TV)
5301,298,1,(2001) (USA) (TV)
5302,298,1,(2001) (USA) (TV)
5303,298,1,(2000) (USA) (TV)
5304,298,1,(2000) (USA) (TV)
5305,298,1,(2000) (USA) (TV)
5306,298,1,(2001) (USA) (TV)
5307,298,1,(2001) (USA) (TV)
5308,298,1,(2000) (USA) (TV)
5309,298,1,(2000) (USA) (TV)
5310,298,1,(2001) (USA) (TV)
5311,298,1,(2000) (USA) (TV)
5312,298,1,(2000) (USA) (TV)
5313,298,1,(2001) (USA) (TV)
5314,298,1,(2001) (USA) (TV)
5315,298,1,(2000) (USA) (TV)
5316,298,1,(2000) (USA) (TV)
5317,298,1,(2001) (USA) (TV)
5318,298,1,(2000) (USA) (TV)
5319,298,1,(2001) (USA) (TV)
5320,298,1,(2000) (USA) (TV)
5321,298,1,(2001) (USA) (TV)
5322,298,1,(2001) (USA) (TV)
5324,298,1,(2000) (USA) (TV)
5325,298,1,(2000) (USA) (TV)
5326,298,1,(2000) (USA) (TV)
5327,298,1,(2000) (USA) (TV)
5328,298,1,(2000) (USA) (TV)
5329,298,1,(2000) (USA) (TV)
5330,298,1,(2001) (USA) (TV)
5251,299,1,(2007) (Spain) (TV)
5258,265,1,(2010) (USA) (TV)
5258,42,1,(2012) (Hungary) (TV)
5259,42,1,(2012) (Hungary) (TV)
5260,42,1,(2012) (Hungary) (TV)
5261,42,1,(2012) (Hungary) (TV)
5262,42,1,(2012) (Hungary) (TV)
5263,42,1,(2012) (Hungary) (TV)
5264,42,1,(2012) (Hungary) (TV)
5265,42,1,(2012) (Hungary) (TV)
5266,42,1,(2012) (Hungary) (TV)
5267,42,1,(2012) (Hungary) (TV)
5268,42,1,(2012) (Hungary) (TV)
5269,42,1,(2012) (Hungary) (TV)
5270,42,1,(2012) (Hungary) (TV)
5271,42,1,(2012) (Hungary) (TV)
5272,42,1,(2012) (Hungary) (TV)
5273,42,1,(2012) (Hungary) (TV)
5274,42,1,(2012) (Hungary) (TV)
5275,42,1,(2012) (Hungary) (TV)
5276,42,1,(2012) (Hungary) (TV)
5277,42,1,(2012) (Hungary) (TV)
5278,42,1,(2012) (Hungary) (TV)
5279,42,1,(2012) (Hungary) (TV)
5280,42,1,(2012) (Hungary) (TV)
5281,42,1,(2012) (Hungary) (TV)
5282,42,1,(2012) (Hungary) (TV)
5283,42,1,(2012) (Hungary) (TV)
5333,73,1,
5334,128,1,
5341,197,1,(2009) (Sweden) (TV)
5342,197,1,(2009) (Sweden) (TV)
5343,197,1,(2009) (Sweden) (TV)
5344,197,1,(2009) (Sweden) (TV)
5345,197,1,(2009) (Sweden) (TV)
5346,197,1,(2009) (Sweden) (TV)
5347,197,1,(2009) (Sweden) (TV)
5348,197,1,(2009) (Sweden) (TV)
5349,197,1,(2009) (Sweden) (TV)
5350,197,1,(2009) (Sweden) (TV)
5351,197,1,(2009) (Sweden) (TV)
5352,197,1,(2009) (Sweden) (TV)
5353,197,1,(2009) (Sweden) (TV)
5354,197,1,(2009) (Sweden) (TV)
5355,64,1,(2005) (Spain) (TV)
5367,300,1,(2006) (Spain) (TV)
5369,301,1,(2011) (Greece) (TV)
5370,197,1,(2008) (Sweden) (TV)
5370,302,1,(2011) (Finland) (TV)
5379,303,1,(2007) (USA) (TV)
5379,290,1,(2007) (USA) (TV)
5380,189,1,(2003) (UK) (TV)
5383,269,1,(2011) (Canada) (TV)
5404,288,1,(1992-) (France) (TV)
5404,304,1,(1986-1992) (France) (TV)
5461,39,1,(2011) (UK) (TV)
5463,305,1,
5464,306,1,(2010) (Ireland) (TV)
5486,307,1,(1984) (South Africa) (TV)
5487,181,1,(2010) (Japan) (TV)
5489,308,1,(2011) (Non-USA) (TV)
5490,253,1,(2005) (Germany) (TV)
5494,19,1,(1947) (USA) (TV)
5502,160,1,(1948) (USA) (TV)
5502,6,1,(1948) (USA) (TV)
5502,309,1,(1948) (USA) (TV)
5502,19,1,(1948) (USA) (TV)
5509,19,1,(1949) (USA) (TV)
5515,290,1,(1950) (USA) (TV)
5520,290,1,(1951) (USA) (TV)
5527,310,1,(1952) (USA) (TV)
5535,310,1,(1953) (USA) (TV)
5542,310,1,(1954) (USA) (TV)
5547,310,1,(1955) (USA) (TV)
5555,310,1,(1956) (USA) (TV)
5563,19,1,(1957) (worldwide) (TV)
5571,19,1,(1958) (worldwide) (TV)
5579,310,1,(1959) (USA) (TV)
5586,160,1,(1960) (USA) (TV)
5586,6,1,(1960) (USA) (TV)
5586,19,1,(1960) (USA) (TV)
5591,310,1,(1960) (USA) (TV)
5599,19,1,(1961) (USA) (TV)
5605,19,1,(1962) (USA) (TV)
5613,310,1,(1963) (USA) (TV)
5618,19,1,(1964) (USA) (TV)
5626,310,1,(1965) (USA) (TV)
5634,310,1,(1966) (USA) (TV)
5639,19,1,(1967) (worldwide) (TV)
5647,19,1,(1968) (USA) (TV)
5655,290,1,(1969) (USA) (TV)
5659,19,1,(1969) (USA) (TV)
5663,19,1,(1969) (USA) (TV)
5669,310,1,(1970) (USA) (TV)
5673,310,1,(1970) (USA) (TV)
5677,19,1,(1970) (USA) (TV)
5683,290,1,(1971) (USA) (TV)
5687,19,1,(1971) (USA) (TV)
5692,19,1,(1971) (USA) (TV)
5700,290,1,(1972) (USA) (TV)
5706,19,1,(1972) (USA) (TV)
5712,310,1,(1972) (USA) (TV)
5720,290,1,(1973) (USA) (TV)
5726,19,1,(1973) (USA) (TV)
5732,19,1,(1973) (USA) (TV)
5740,290,1,(1974) (USA) (TV)
5745,19,1,(1974) (USA) (TV)
5750,19,1,(1974) (USA) (TV)
5756,290,1,(1975) (USA) (TV)
5760,19,1,(1975) (USA) (TV)
5764,19,1,(1975) (worldwide) (TV)
5772,311,1,(1976) (USA) (TV)
5778,311,1,(1976) (USA) (TV)
5782,160,1,(1976) (USA) (TV)
5782,6,1,(1976) (USA) (TV)
5782,19,1,(1976) (USA) (TV)
5782,312,1,(1976) (USA) (TV)
5785,313,1,(1976) (USA) (TV)
5786,314,1,(1976) (worldwide) (TV)
5791,290,1,(1977) (USA) (TV)
5797,310,1,(1977) (USA) (TV)
5802,160,1,(1977) (USA) (TV)
5807,311,1,(1978) (USA) (TV)
5812,311,1,(1978) (USA) (TV)
5817,310,1,(1979) (USA) (TV)
5822,19,1,(1979) (USA) (TV)
5826,160,1,(1980) (USA) (TV)
5830,160,1,(1980) (USA) (TV)
5836,6,1,(1980) (USA) (TV)
5836,19,1,(1980) (USA) (TV)
5837,6,1,(1980) (USA) (TV)
5837,19,1,(1980) (USA) (TV)
5838,160,1,(1980) (USA) (TV)
5838,6,1,(1980) (USA) (TV)
5838,19,1,(1980) (USA) (TV)
5838,312,1,(1980) (USA) (TV)
5839,315,1,(1980) (USA) (TV)
5840,310,1,(1980) (USA) (TV)
5846,19,1,(1981) (USA) (TV)
5850,19,1,(1981) (USA) (TV)
5856,160,1,(1981) (USA) (TV)
5862,160,1,(1982) (USA) (TV)
5868,315,1,(1982) (USA) (TV)
5869,311,1,(1982) (USA) (TV)
5873,19,1,(1982) (worldwide) (TV)
5881,290,1,(1983) (USA) (TV)
5886,19,1,(1983) (USA) (TV)
5891,311,1,(1983) (USA) (TV)
5897,160,1,(1984) (USA) (TV)
5901,316,1,(1984) (USA) (TV)
5908,6,1,(1984) (USA) (TV)
5908,317,1,(1984) (USA) (TV)
5908,318,1,(1984) (USA) (TV)
5902,311,1,(1984) (USA) (TV)
5909,160,1,(1984) (USA) (TV)
5909,27,1,(1984) (UK) (TV)
5909,316,1,(1984) (USA) (TV)
5909,319,1,(1984) (USA) (TV)
5909,6,1,(1984) (USA) (TV)
5909,320,1,(1984) (UK) (TV)
5909,19,1,(1984) (USA) (TV)
5909,312,1,(1984) (USA) (TV)
5911,313,1,(1984) (USA) (TV)
5912,316,1,(1984) (USA) (TV)
5919,19,1,(1985) (USA) (TV)
5927,315,1,(1985) (USA) (TV)
5928,19,1,(1985) (USA) (TV)
5936,311,1,(1986) (USA) (TV)
5951,6,1,(1986) (USA) (TV)
5951,136,1,(1986) (USA) (TV)
5944,160,1,(1986) (USA) (TV)
5952,19,1,(1986) (USA) (TV)
5952,321,1,(1986) (USA) (VHS)
5956,322,1,(1986) (USA) (TV)
5957,19,1,(1987) (USA) (TV)
5963,19,1,(1987) (USA) (TV)
5967,311,1,(1988) (USA) (TV)
5972,160,1,(1988) (USA) (TV)
5978,160,1,(1988) (USA) (TV)
5978,316,1,(1988) (USA) (TV)
5978,319,1,(1988) (USA) (TV)
5978,6,1,(1988) (USA) (TV)
5978,19,1,(1988) (USA) (TV)
5981,323,1,(2009) (Germany) (TV)
5982,310,1,(1989) (worldwide) (TV)
5988,19,1,(1989) (USA) (TV)
5991,311,1,(1989) (USA) (TV)
44,3,2,
45,3,2,
46,3,2,
48,3,2,
50,11,2,
51,11,2,
52,11,2,
53,11,2,
54,11,2,
55,11,2,
56,11,2,
57,11,2,
58,11,2,
59,11,2,
60,11,2,
61,11,2,
62,11,2,
63,11,2,
64,11,2,
65,11,2,
66,11,2,
67,11,2,
68,11,2,
69,10,2,
84,4077,2,
94,20,2,
118,5855,2,
228,22,2,
272,687,2,
273,687,2,
279,687,2,
283,25,2,
284,27,2,
286,27,2,(as B B C)
290,27,2,(as B B C)
307,27,2,(as B B C)
320,27,2,(as B B C)
329,27,2,(as B B C)
350,27,2,(as B B C)
398,37,2,
404,674,2,
579,40,2,
580,40,2,
596,439,2,
597,439,2,
601,439,2,
606,439,2,
607,439,2,
608,439,2,
609,439,2,
610,439,2,
618,439,2,
619,439,2,
620,439,2,
622,439,2,
633,439,2,
644,439,2,
645,439,2,
646,439,2,
649,439,2,
651,439,2,
652,439,2,
653,439,2,
654,439,2,
656,439,2,
657,439,2,
658,439,2,
659,439,2,
660,439,2,
661,439,2,
664,439,2,
665,439,2,
666,439,2,
667,439,2,
670,439,2,
675,439,2,
679,448,2,
399,58,2,
400,58,2,
401,58,2,
419,60,2,
420,60,2,
421,60,2,
422,60,2,
423,60,2,
424,60,2,
425,60,2,
426,60,2,
427,60,2,
428,60,2,
429,60,2,
432,60,2,
435,60,2,
440,60,2,
442,60,2,
443,60,2,
447,60,2,
448,60,2,
449,60,2,
453,60,2,
454,60,2,
455,60,2,
456,60,2,
458,60,2,
460,60,2,
710,3456,2,
723,64,2,
750,784,2,
752,677,2,
816,66,2,
817,66,2,
820,68,2,
821,567,2,
859,4609,2,
870,594,2,
901,69,2,
853,70,2,
860,382,2,
883,225,2,
887,72,2,
891,68,2,
907,77,2,
907,3639,2,
908,77,2,
909,77,2,
910,77,2,
911,77,2,
912,77,2,
913,77,2,
914,77,2,
915,77,2,
916,77,2,
917,77,2,
918,77,2,
919,77,2,
920,77,2,
921,77,2,
922,77,2,
923,77,2,
924,77,2,
925,77,2,
926,77,2,
927,77,2,
928,77,2,
929,77,2,
930,77,2,
931,77,2,
932,77,2,
933,77,2,
934,76,2,
934,77,2,
935,76,2,
935,77,2,
938,76,2,
938,77,2,
943,76,2,
943,77,2,
944,76,2,
944,77,2,
945,76,2,
945,77,2,
947,76,2,
947,77,2,
948,76,2,
948,77,2,
949,76,2,
949,77,2,
951,76,2,
951,77,2,
953,76,2,
953,77,2,
954,76,2,
954,77,2,
956,76,2,
956,77,2,
957,76,2,
957,77,2,
961,76,2,
961,77,2,
962,76,2,
962,77,2,
963,77,2,
976,86,2,
978,69,2,
979,92,2,
993,1886,2,
1141,97,2,
1142,272,2,
1144,243,2,
1146,100,2,
1187,105,2,
1188,5,2,(copyright owners)
1370,4046,2,
1147,107,2,
1186,448,2,
1352,1454,2,
1353,1454,2,
1354,1454,2,
1355,1454,2,
1356,1454,2,
1357,1454,2,
1358,1454,2,
1359,1454,2,
1360,1454,2,
1361,1454,2,
1362,1454,2,
1363,1454,2,
1364,1454,2,
1365,1454,2,
1366,1454,2,
1367,1454,2,
1368,1454,2,
1369,92,2,
1379,114,2,
1389,64,2,
1396,73,2,
1400,115,2,
1401,116,2,
1401,63,2,
1417,2534,2,(as Endemol Southern Star)
1465,5085,2,
1494,5085,2,
1535,118,2,
1537,222,2,
1537,225,2,
1537,401,2,
1549,119,2,
1550,97,2,
1551,120,2,(for)
1557,120,2,(for)
1561,120,2,(for)
1564,120,2,(for)
1576,126,2,
1577,162,2,
1577,126,2,
1577,439,2,
1578,126,2,
1578,4359,2,
1578,439,2,
1579,126,2,(produced by)
1579,4359,2,(produced by)
1579,439,2,
1580,126,2,(produced by)
1580,4359,2,(produced by)
1580,439,2,
1581,126,2,(produced by)
1581,4359,2,(produced by)
1581,439,2,
1582,126,2,(produced by)
1582,4359,2,(produced by)
1582,439,2,
1583,162,2,
1583,126,2,
1583,439,2,
1584,126,2,
1584,439,2,
1585,126,2,
1585,4359,2,
1585,439,2,
1586,126,2,
1586,439,2,
1587,162,2,
1587,126,2,
1587,439,2,
1588,162,2,
1588,126,2,
1588,439,2,
1589,126,2,
1589,439,2,
1590,126,2,
1590,4359,2,
1590,439,2,
1591,126,2,
1591,4359,2,
1591,439,2,
1592,162,2,
1592,126,2,
1592,439,2,
1593,126,2,(produced by)
1593,4359,2,(produced by)
1593,439,2,
1594,126,2,
1594,4359,2,
1594,439,2,
1595,162,2,
1595,126,2,
1596,126,2,
1596,439,2,
1597,162,2,
1597,126,2,
1598,126,2,
1598,439,2,
1599,126,2,
1599,439,2,
1600,126,2,
1600,4359,2,
1600,439,2,
1601,126,2,
1601,439,2,
1602,126,2,
1602,4359,2,
1602,439,2,
1603,162,2,
1603,126,2,
1603,439,2,
1604,162,2,
1604,126,2,
1604,439,2,
1605,126,2,
1605,439,2,
1606,162,2,
1606,126,2,
1606,439,2,
1607,126,2,(produced by)
1607,4359,2,(produced by)
1607,439,2,
1608,126,2,
1608,439,2,
1609,126,2,
1609,439,2,
1610,126,2,(produced by)
1610,4359,2,(produced by)
1610,439,2,
1611,126,2,
1611,439,2,
1612,162,2,
1612,126,2,
1613,126,2,
1613,439,2,
1614,126,2,
1614,439,2,
1615,126,2,
1615,439,2,
1616,126,2,
1616,439,2,
1617,126,2,(produced by)
1617,4359,2,(produced by)
1617,439,2,
1618,126,2,(produced and developed in association with)
1618,4359,2,(produced and developed in association with)
1618,439,2,
1619,126,2,
1619,4359,2,
1619,439,2,
1620,162,2,
1620,126,2,
1620,439,2,
1621,162,2,
1621,126,2,
1622,162,2,
1622,126,2,
1622,439,2,
1623,162,2,
1623,126,2,
1623,439,2,
1624,162,2,
1624,126,2,
1624,439,2,
1625,126,2,
1625,439,2,
1626,126,2,
1626,439,2,
1627,126,2,
1627,4359,2,
1627,439,2,
1628,126,2,(produced by)
1628,4359,2,(produced by)
1628,439,2,
1629,162,2,
1629,126,2,
1629,439,2,
1630,126,2,
1630,439,2,
1631,162,2,
1631,126,2,
1631,439,2,
1636,64,2,
1636,69,2,
1656,131,2,
1667,5085,2,
1668,27,2,
1677,302,2,
1760,439,2,
1852,138,2,(for) (as Sky Television)
1853,138,2,(for) (as Sky Television)
1857,138,2,(for) (as Sky Television)
2016,141,2,
2018,5431,2,
2020,5431,2,
2022,5431,2,
2023,5431,2,
2024,5431,2,
2050,27,2,
2054,27,2,
2055,5363,2,
1649,64,2,
1759,73,2,
1785,154,2,
1796,154,2,(as TV1 Kulttuuriohjelmat )
1807,302,2,
1818,302,2,(as YLE Kulttuuri)
1829,302,2,
1832,69,2,
1864,297,2,
2069,302,2,(as YLE Asiaohjelmat)
2255,158,2,
2297,133,2,
2382,12,2,
2382,1271,2,
2383,1271,2,
2384,1271,2,
2385,1271,2,
2386,1271,2,
2387,1271,2,
2388,1271,2,
2389,1271,2,
2390,1271,2,
2391,1271,2,
2392,1271,2,
2393,1271,2,
2394,1271,2,
2395,1271,2,
2396,1271,2,
2397,1271,2,
2398,1271,2,
2399,1271,2,
2400,1271,2,
2401,1271,2,
2402,1271,2,
2403,1271,2,
2404,1271,2,
2405,1271,2,
2406,1271,2,
2407,1271,2,
2408,1271,2,
2409,1271,2,
2410,1271,2,
2411,1271,2,
2412,1271,2,
2413,1271,2,
2414,1271,2,
2415,1271,2,
2417,166,2,
2418,166,2,
2419,166,2,
2420,166,2,
2421,166,2,
2422,166,2,
2423,166,2,
2425,166,2,
2426,166,2,
2427,166,2,
2428,166,2,
2424,166,2,
2436,166,2,
2437,166,2,
2438,166,2,
2439,166,2,
2440,166,2,
2441,166,2,
2442,166,2,
2443,166,2,
2444,166,2,
2445,166,2,
2446,166,2,
2447,166,2,
2448,166,2,
2449,166,2,
2451,166,2,
2453,166,2,
2454,166,2,
2452,166,2,
2455,166,2,
2456,166,2,
2457,166,2,
2458,166,2,
2459,166,2,
2460,166,2,
2461,166,2,
2462,166,2,
2463,166,2,
2464,166,2,
2465,166,2,
2466,166,2,
2467,166,2,
2468,166,2,
2429,166,2,
2430,166,2,
2431,166,2,
2432,166,2,
2433,166,2,
2434,166,2,
2435,166,2,
2450,166,2,
2469,166,2,
2470,166,2,
2471,166,2,
2472,166,2,
2474,166,2,
2475,166,2,
2476,166,2,
2477,166,2,
2473,166,2,
2478,166,2,
2483,166,2,
2484,166,2,
2479,166,2,
2480,166,2,
2481,166,2,
2482,166,2,
2485,166,2,
2486,166,2,
2487,166,2,
2488,166,2,
2489,166,2,
2490,166,2,
2491,166,2,
2492,166,2,
2493,166,2,
2494,166,2,
2495,166,2,
2496,166,2,
2497,166,2,
2499,166,2,
2498,166,2,
2500,166,2,
2501,166,2,
2502,166,2,
2503,166,2,
2505,166,2,
2506,166,2,
2507,166,2,
2508,166,2,
2504,166,2,
2509,166,2,
2510,166,2,
2511,166,2,
2512,166,2,
2513,166,2,
2514,166,2,
2515,166,2,
2516,166,2,
2517,166,2,
2518,166,2,
2519,166,2,
2520,166,2,
2521,166,2,
2522,166,2,
2525,166,2,
2526,166,2,
2527,166,2,
2528,166,2,
2529,166,2,
2530,166,2,
2531,166,2,
2532,166,2,
2533,166,2,
2534,166,2,
2535,166,2,
2536,166,2,
2537,166,2,
2538,166,2,
2539,166,2,
2540,166,2,
2523,166,2,
2524,166,2,
2541,166,2,
2542,166,2,
2543,166,2,
2544,166,2,
2545,166,2,
2546,166,2,
2547,166,2,
2548,166,2,
2549,166,2,
2550,166,2,
2551,166,2,
2552,166,2,
2553,166,2,
2554,166,2,
2555,166,2,
2556,166,2,
2557,166,2,
2558,1152,2,
2558,168,2,
2558,3503,2,
2600,169,2,
2601,3496,2,
2607,169,2,
2628,169,2,
2638,2781,2,
2785,171,2,
2814,172,2,
2820,169,2,
2821,133,2,
2824,133,2,
2858,117,2,
2859,2,2,
2599,184,2,
2640,178,2,
2786,639,2,
2800,639,2,
2804,180,2,
2861,73,2,
2879,5413,2,
2913,448,2,
2917,1370,2,
2880,665,2,
2881,185,2,
2914,187,2,
2914,188,2,
2920,1271,2,
2921,374,2,
3031,57,2,
2925,243,2,
2927,2369,2,
3062,197,2,
3063,197,2,
3064,197,2,
3065,197,2,
3066,197,2,
3067,197,2,
3068,197,2,
3189,200,2,
3190,1,2,
3191,205,2,
3201,207,2,
3201,209,2,
3201,5593,2,
3201,969,2,
3268,210,2,
3279,1,2,
3280,1,2,
3281,1,2,
3282,1,2,
3328,1,2,
3328,5085,2,
3551,216,2,
3680,311,2,
3683,802,2,
3800,329,2,
3823,171,2,
3851,4897,2,
3856,1916,2,
3860,4934,2,
3982,229,2,
3983,5692,2,
3993,73,2,
4017,1303,2,
4017,1085,2,
4018,1303,2,
4018,1085,2,
4027,114,2,
4027,2117,2,
4029,2117,2,
4035,16,2,
4037,874,2,
4138,3699,2,
4209,424,2,
4210,424,2,
4211,424,2,
4212,424,2,
4213,424,2,
4214,2982,2,
4215,424,2,
4216,424,2,
4217,424,2,
4218,424,2,
4219,424,2,
4220,424,2,
4221,2982,2,
4222,424,2,
4223,424,2,
4224,424,2,
4225,424,2,
4226,424,2,
4227,2982,2,
4228,424,2,
4229,424,2,
4230,2982,2,
4231,424,2,(in association with)
4232,424,2,
4233,424,2,
4234,424,2,
4235,424,2,
4236,424,2,
4237,424,2,
4238,424,2,
4239,424,2,
4240,424,2,
4241,424,2,
4242,2982,2,
4243,424,2,
4244,424,2,
4245,424,2,
4246,424,2,
4247,424,2,
4248,424,2,
4249,424,2,
4250,424,2,
4251,424,2,
4252,424,2,
4253,424,2,
4254,424,2,
4255,2982,2,
4256,424,2,
4257,424,2,
4258,424,2,
4259,424,2,
4260,424,2,
4261,424,2,(in association with)
4262,2982,2,
4263,424,2,
4264,424,2,
4265,424,2,
4266,424,2,
4267,424,2,
4268,2982,2,
4269,424,2,
4270,424,2,
4271,424,2,
4272,424,2,
4273,2982,2,
4274,424,2,
4275,424,2,
4276,424,2,
4277,424,2,
4278,424,2,
4279,424,2,
4280,424,2,
4281,424,2,
4282,424,2,
4283,424,2,
4284,424,2,
4285,424,2,
4286,424,2,
4287,424,2,
4426,3019,2,
4427,3019,2,
4428,3019,2,
4429,3019,2,
4432,3019,2,
4434,3019,2,
4436,3019,2,
4437,3019,2,
4438,3019,2,
4039,243,2,
4041,246,2,
4119,246,2,
4125,247,2,
4152,133,2,
4152,5941,2,
4311,5221,2,
4454,664,2,
4455,253,2,
4455,225,2,
4457,64,2,
4540,262,2,
4540,4318,2,(in association with)
4555,1244,2,
4666,64,2,
4668,263,2,
4680,171,2,
4681,171,2,
4682,171,2,
4683,171,2,
4684,171,2,
4685,171,2,
4686,171,2,
4687,171,2,
4688,171,2,
4689,171,2,
4690,264,2,
4699,538,2,
4714,1541,2,
4729,596,2,
4730,269,2,
4734,2512,2,
4737,271,2,(producer)
4745,27,2,
4738,270,2,
4739,270,2,(2005)
4802,5005,2,
4802,274,2,
4921,1541,2,
4921,64,2,
4948,275,2,
4949,276,2,
4951,277,2,
4992,424,2,
4993,424,2,
4995,424,2,
4996,424,2,
4997,424,2,
4998,424,2,
4999,424,2,
5000,424,2,
5001,424,2,
5002,424,2,
5003,424,2,
5004,424,2,
5005,424,2,
5006,3851,2,
5010,36,2,
5012,128,2,
5187,4543,2,
5192,287,2,
5220,723,2,
5226,291,2,
5229,292,2,
5258,329,2,
5341,197,2,
5342,197,2,
5343,197,2,
5344,197,2,
5345,197,2,
5346,197,2,
5347,197,2,
5348,197,2,
5349,197,2,
5350,197,2,
5351,197,2,
5352,197,2,
5353,197,2,
5354,197,2,
5367,300,2,
5370,197,2,
5377,4338,2,(in association with)
5377,73,2,(in association with)
5377,1388,2,(in association with)
5377,1344,2,(in association with)
5378,67,2,
5463,305,2,
5464,3212,2,
5472,5074,2,
5486,307,2,
5487,181,2,
5494,290,2,
5515,290,2,
5520,290,2,
5563,290,2,
5571,290,2,
5586,371,2,
5586,313,2,
5586,322,2,
5639,290,2,
5692,310,2,
5764,290,2,
5778,311,2,
5786,290,2,
5869,311,2,
5873,290,2,
5881,290,2,
5902,311,2,
5913,19,2,
5952,314,2,
5956,322,2,
5993,27,2,
